http://knyttlevels.com/levels/Evangelos-Dungeon.knytt.bin,Dungeon,Evangelos,Medium,Normal,Maze,1,4177900,Find a way out...,Ending,,iVBORw0KGgoAAAANSUhEUgAAAB4AAAAeBAMAAADJHrORAAAAHXRFWHRDb21tZW50AENyZWF0ZWQgd2l0aCB0aGUgR2ltcIC1BbIAAAAJcEhZcwAACxMAAAsTAQCanBgAAAASUExURTZPMTBCKCY3IkhpQhonGAAAAFyF6WUAAADMSURBVBjTZdFtDsIgDAbgVnYAXjL/C27/mXiBLXgBo/e/ii2wD7XJsjzQlBbo/R30Csd40JOOcS5mMJNVj+KUJg9Y+adqBiSBuTkKQdCUYnYheJIPrGa4nD3lvEjW7kFsS/6kZrGN1QgB5IK3tf4pQFeAS3P2GLK21Prp52rTPM3aEa5rv9LwMAAprvPcSj5RbO58ccu3tp/V27ypE2v51f1y3Demn13Y98l0i3MybFrr37NMiNj6kwVxviYy9TzSy8N238cY/97r5z0/Rhs6QGsIddMAAAAASUVORK5CYII=
http://knyttlevels.com/levels/Fubaka-TheColumn.knytt.bin,The Column,Fubaka,Large,Hard,Challenge;Puzzle,2,43643969,"Will you ascend, or descend?",Ending - Descend;Ending - Ascend,,H4sIAAAAAAAAA+2be3ATRRzHDxhFC4iPGVF5mDlAi9PL3eVxbY4k0CaFBpsS2iqtonC52zQnSS7cXZvwsFUqwzCAqEUYC4wDgjgiooIwQ3VAEQVxRMeiDqA85A0WxcEHDta9pGnTPDqdUf9x9mbu2vz29/1+bnd/u9l/sshTNnFQzj05GIYNcpU4y+HfEdp9Uz/4HNj2+HMYxlJiZZVa5S5leSmo5wTJC/TRYBjTLuu4aJjjZwJV5wU1YsiGX27ZhetEwYZPNbspd9gB/GLJHBlUzCmr5OfM5C0CPs6eY42y0CAIVE4XDQZCChu14TFfFv6vhUlcF0tRZ9rwQq1BV+X26BySDHRmPUPwNE3r8i162lxgNJjzdAaKNpOUhaQpgqJZmmINlK7jwu058GmVBR9b7pzQgYOfbLhfVcMsSUYiEX3EqJfkGpK2WCwkZSANBgJmEMrskMpFiZAyMm6S8HEChZfFsCpKIZ32mfNKtaoNx3N0SVdHv4LhTlBI6Rg7OIpklAuTtJ4is4jc7p5lwWBGpaIW16k9K5XK2WFAlgNFqpV5UFwHQurITFYC3+kTrpUDsfEReBIEQBBKFOhFZ3yFsF9SJcUvZel3Z3PW3quiz5dZq7VklYGomEWmtcRl9i6dFQ4y65ABp0pypSQF7PEq8yReT+dwxKpKlztVDAlSRBljJVMlmdyAE952qGQIykTQBZU0w5rzWTqfoBiWopJM4pkpHm5Y+wKncr1x6Zab6iMJom92r1y6Mrt7uN2sK6SoXIgHLqcdBvSiKLCCl/F5vV4jYWAEirB4TV7CQhkpwpsvMBBkMFE8HzPuLk+zdkp8rVZIsC2+8AWJh/ad5cECxsyYvTxNUGZvAUHTgCG8JvjgGXO+wWLgzCbOlAAlmaWBJssi3Je4QFKO1hcBwni6gON9+WbYDR4Q+SaTiSgQTICgjEbeazRSNGcoSCAy2KShSkQFlsZse7fqjO0YFWBW92iiISDGdpAwJytAW5g2PLEy8TSBpoktcJbjtb3HzsfKSLCS3aLZZWL6dPZuCNLk2RkRPwj1VHJJWdlNFMmnRjgZFNbAke7NyswkSxtvMj7g/8FEKFzdP5uG3q2q/8U0dNnzfi5UAwQ7mRAmAr2buXi0+8pKrNb0lWgVeNYnyUFOtYtBrgaQ4VCNlewKJmV27UEOKSDJcIMEdqOVzBTOqHI5HB5Z8okBYFfKJxbpXMUOhrYwDGHQ08k2SXlJPtqXnLbbwLHjYoUENWmx1PwqrVgDtbG2fAMFL3gUorSJTmtOlVb3LK3uQdrV9FBIVO2GDklKOEmlfRPHR68CHhqB1rXUUGq2R4yCQJVThHuuor2DkerQpDZkFFZnE1anCePllHS0i58byY6DIzyzkp2H1kxF/e9fCIIgCIIgCIIgCIIgCIIgCIIgCIIgCIIgCIIgCIIgCIIgCIIgCIIgCIIgCIIgCIIgCIIgCIIgCIIgCIIgCIIgCIIgCIIg/zIkp+tnoCAk2PAIPs4+Zu1VE4ZhN4dLqhUMG3CHdvfBmlffBYOyp7SyuL29fcnnF/v2nTR//5XVh06WlS4/cvn6tuPfPHPgUtOXp1tbz9bUbNu377Cj6OkzV/548pO2Hcf/3HT0SH39W9tPnF2/fn9z69VXvv2+qemoIa/xhRfe3Xj4x6C4cc+Zqwcv/oSP5Hl+uSCs27Ll2JIlH1OU2tLS/tKKjz674Y3NGNanzOUsrMw9uKDpSF2j7tbi4jV3jWqaMN7z9o3mv9rJFYtfZepGD10+a3v/IYPv29+/bPItmz3H8AbH2tqcnXXvtZ2fu+rzd/bcvzVv8bU5m1y/Dhbcvw23NAzfV/LNQvXYoVPznmp9rGHp+cjhDcqkfQdGmZax54snjhm9vK3NVTT2tq+Ofbh38Kk1v9dfmLZ13sKGa4dezBn0orRybvmhigEbTBVjTbmjmaXrXjdtqvO/9sDTRy8+OHfI3ilDohI5hZ/if/jSF57Pxtp2fXkUY57v38gRtw1cdn7R1vF75vvyaht/Fr8btlDde3HzCOrcTMuzzYPczUWtxyc0X5iVd/2DSZbqGVg/U2Fjw+Bh01bU/7Lg0eNUP9y/++6KqS0i/USEWo1dmnHiA2Ln+3mld+5oJFavWjD0hzP8ycj0tYV8acnKctny6dfk/bvk6TsO5G6YvPL03qXRlmvm2x95uX73vWPCuRXnzBsrtZ8Du4rLnG8WzZj/N963C0BWPAAA
http://knyttlevels.com/levels/FredrikAndersson-Core.knytt.bin,Core,Fredrik Andersson,Large,Very Hard,Challenge,0,635734,What will come next?,Ending,Bomb;Core,iVBORw0KGgoAAAANSUhEUgAAAB4AAAAeBAMAAADJHrORAAAAHXRFWHRDb21tZW50AENyZWF0ZWQgd2l0aCBUaGUgR0lNUO9kJW4AAAAJcEhZcwAACxMAAAsTAQCanBgAAAASUExURQAAAIdtTP///6RTOsA5KPIMCEZb+jEAAACnSURBVBjTdZHRDcIwDETPmcBWGSBiAwQLoGaEsv8q+BwnDQLykeid3XNzwfVzoR8VWBlihjIZxqUluWMXnKskG4JHORqcZ9mMXM22O8E37Xw5bi62Fuztj+DX7h8Ebzv723PwYoi6oukv1n8syaIn01/Qe3Me8kaDvax08ZRK/D8VYTnv444n01AhQpeS+dBTfGzp+SlnzvwiQEqZbwi65P/1Psv7vQE9miP3vVSnBgAAAABJRU5ErkJggg==
http://knyttlevels.com/levels/Firecat-TheTinyWorld.knytt.bin,The Tiny World,Firecat,Small,Normal,Challenge,2,202250,,Ending,,iVBORw0KGgoAAAANSUhEUgAAAB4AAAAeBAMAAADJHrORAAAACXBIWXMAAAsTAAALEwEAmpwYAAAAFVBMVEVHcEwIAADr6+sPIz/YwKbMrYsjQ3/R7htMAAAAAXRSTlMAQObYZgAAAEpJREFUGNNjYBgYICiIwmUUFBRA5huj8hmTRV1Q+ImBjijaE0Nd8Ko3E0W1T1hIAJWvhMYXUkRzLiqfUQk/nwHVOwwMAgz45WkFAKmVBo7qdhLWAAAAAElFTkSuQmCC
http://knyttlevels.com/levels/BMan-Cavern.knytt.bin,Cavern,B-Man,Small,Easy,Challenge,1,10365446,,Ending,,iVBORw0KGgoAAAANSUhEUgAAAB4AAAAeAgMAAABGXkYxAAAAGHRFWHRTb2Z0d2FyZQBQYWludC5ORVQgdjMuMzap5+IlAAAADFBMVEVJKxYAAABoPSD/2AD9c2YPAAAAcUlEQVQY033PsQ5AMBSF4TN7jxq8DymTmPAUTTf27iIx9O0sRCzcm9tamvinL2c7eKQdHy5kJbXjhhec1gkOWwbMET5i+0XzwTFo1ylUQB/RqpoxEAaBEYwEz+gq5BNjbVBkDLsAIFSAQAecS4QJSL6/xZqAU5iI348AAAAASUVORK5CYII=
http://knyttlevels.com/levels/Farik-StationSputzna.knytt.bin,Station Sputzna,Farik,Medium,Hard,Challenge,2,9883223,beta 3,Ending,launch;malfunction;survival,iVBORw0KGgoAAAANSUhEUgAAAB4AAAAeBAMAAADJHrORAAAACXBIWXMAAAsTAAALEwEAmpwYAAAAFVBMVEVHcEwIAADr6+sPIz/YwKbMrYsjQ3/R7htMAAAAAXRSTlMAQObYZgAAAEpJREFUGNNjYBgYICiIwmUUFBRA5huj8hmTRV1Q+ImBjijaE0Nd8Ko3E0W1T1hIAJWvhMYXUkRzLiqfUQk/nwHVOwwMAgz45WkFAKmVBo7qdhLWAAAAAElFTkSuQmCC
http://knyttlevels.com/levels/Emeraldfire7-MezzoRianna.knytt.bin,Mezzo Rianna,Emeraldfire7,Medium,Normal,Challenge,2,31347218,What to do in a flooded world?,Ending,,iVBORw0KGgoAAAANSUhEUgAAAB4AAAAeBAMAAADJHrORAAAACXBIWXMAABJ0AAASdAHeZh94AAAAElBMVEUHBAVUbY5wmtGLrNoQGS/TuJrxFN8RAAAAgUlEQVQY04XPzQ2AIAwF4DbqvbCBsgCBBTwwABf3X8UiEFviD7cvfbwCGH3gwYQGpRGJtO8Am8xoTgsDKtMwx29T67PbquxiaMZi62Fa6/3LDtIe6r6rxwGkEuj/dcsBJdBtfc7SPB896/yizAtm2V8WSvP7fh3Mu7mv/a8Honabnz66IPBAC0xWAAAAAElFTkSuQmCC
http://knyttlevels.com/levels/Fubaka-AnExcerptFromSilence.knytt.bin,An Excerpt from Silence,Fubaka,Medium,Normal,Challenge;Maze,2,3075222,This is but the tip...,Ending,,H4sIAAAAAAAAA+2bTW/jRBjH3XZBS1AFggtaBLK8uxIgnBnHecFW4m436UugKaEN2uRmx54kpn7DdjdpL+yiXlbiwBmQ+AIIcUAIiQNw4MAnYI+ABAcu7AEuHFjGTtq6iVMtsMdnJDvxM8///xvPm+biO83tjeXMpQzDMMv1zdoO/X0+uhaW6H3h7/JPDPPKwGy1w3ZjS9ZdO6sZbpdkR7bHRKW8MvI0fY+EbJf0TafC/f7V1xxrGhXuRqGBG16VDMzNQ5/sHm639MM9XTK4FSVTHsnUwCahxo5sywnkUYWLfWX6Pwojjo1Twr0KtxpVsO1Gk626PmEL2SKv42KJLUlZoVAq5UsvszksFBAWkYj5nCjnsZzPsZPCKRl6L/tGT96prU9w9KnCDcLQkxEaDofZoZh1/T4SJElCOIdyOZ5m8MGBE2oj3gkuj02OfWok0H3TC03XYaNnrevuhxWOy7CJMnkv2zsBOcGk72gvopHmISGLUZrI0E803r5vxU0zdEQsYhMnDKhOSNV5Azd0g4E7B3lSPRdMW9tonN9e205VBuHazfB8ZdA68AjaIYG77+tk7SZ9lctpVqHZ66U7RTVz205G5hxZVDOWKae6Mn1XueoTLXT9lutayniWNY/7iK1W41nFvnDDdAx3GLxYRtOSNDdSo5cSKXkhx4u4JYiyWJBFicclGeOEyThzyqPhGmbvIMWjgGVRSHokMqc96PoxtFB7IJdkbsLH0OWe69taqJi21ifIc/pldBpMZJ7MKrnqWq5Pm0UUsYzSwqmqerXa9N2eaREl2Nm4ztbXqkVBKhb5XFZI2iTyzr5voyHXnSDUHJ3UawoNZE3TkLuS3s0XjBwvSfn4VuC1oi7weSKVipKQz0tFLe6Cs/IZ65qr70erbmJt/EvrhHzG+nXfpDumZv1PRIrNDGrTDOikPVDOrJt4L9slb5+NHldYZry3eZofkGjlVrjjpcvNCCJNvAPImh7tiooeT3CjjM5E58vM/zqAM/L5jOGAOOctzETWfJPA7YVDzSerfdrTD7JnpMlm+huNO3xqeNDs+ByP+ex4lqPNMZoLFKDFvU1Xz0xsOr8djam1H9eVcpgWJET3iTRZPS3tnC/tnCM9rXrTMUMlN5FMhROqaAcf7yO79LBBolebDk1nN80Rsdo1k66IIGqDiCea6YpUYWeesDMjHA9T4kgwPm+gyYGDnnXQyWEnbWI9/AIQgAAEIAABCEAAAhCAAAQgAAEIQAACEIAABCAAAQhAAAIQgAAEIAABCEAAAhCAAAQgAAEIQAACEIAABCAAAchDhmROPx8kjlHhhtyKsri6eY9hmMe8zU7AMI8/HV0LzAcfPUODjza3Wmsb3hb9+/FLR29EXyiGO9u7zLVf7/boQ79eW21d/EFXmdt/3b//Dr6A8QAbGNfwEcafqPe66h+qR9TfVO8t9RfVC3/8WfXa7OKVxfyto3Xm/Sc7zJUvn7t14bWl95jg26fUq+p3rK0ufbN+e/mRZ5/44qJ19a7/mXiNYb7/8NId5vNX/4w+gKyvbdc+va6++w/peBN4SDkAAA==
http://knyttlevels.com/levels/Carn-JourneyThroughBliss.knytt.bin,Journey Through Bliss,Carn,Large,Lunatic,Challenge,1,4480505,Juni's travels across the realm of Bliss.,Ending,Map;Bad Ending,iVBORw0KGgoAAAANSUhEUgAAAB4AAAAeBAMAAADJHrORAAAACXBIWXMAAAsTAAALEwEAmpwYAAAAJFBMVEUCAAAAf//////b6AXt4SGm0v8PIz/YwKbMrYsjQ3/j8P9KpP+Jh4XgAAAAk0lEQVQY02NgQAPMKAAoYIwMDBiYDQURQBgoj8InWp6BAUVegIGBEVk+DcqHygtM4yhHlheY0FCArF9gQgeqPEw9TD6TgwHFfjYWRhT72VwY0eQdUOQZGBxQ5AVcUOVhfIT/UM0XZIT73xpJfjNQ3kg1dOPW0NBFWlFKWspAeSMlBFAGySPzgfIo8QGUN0AB6NEJADJVLNTIVcAwAAAAAElFTkSuQmCC
http://knyttlevels.com/levels/AlamasterMoody-TheOutsider.knytt.bin,The Outsider,Alamaster Moody,Small,Easy,Challenge,1,4869054,Based on HP Lovecraft's story The Outsider,Ending,,iVBORw0KGgoAAAANSUhEUgAAAB4AAAAeCAMAAAAM7l6QAAAACXBIWXMAAAsTAAALEwEAmpwYAAAAmVBMVEUHBgU3My0TEA58dWtlWlF0bWKIf3QDAgIgHBkNCgknIR5BPDUYFBIyLScsJyNZT0dSTEOQhHtoYlhNPjRlVEepmoxBOi2bloubjoJIRTlbVU1MRz+yo5ZZSDzgzr+FfWi5qZtsa11xY1qloJfDvbVeXkqyrqbBsqV/bWJ6fnCNjIPMuqvVw7bS0sp5ZVTs281VVkVmaU/26dxdvvSVAAACmUlEQVQozyVT17bkIAyjDwkJEEJ67236/3/ccmc5vMlGsiwA96WUIYRSKKIIzag2RutK8gAhKYHvS1FSTGmS932fRCyPMhZNtIQo4CGQvqoTTVjS3tv7tdVJzrKIZZgoikMfhJC9MCxo197vW1/XeYQdykiTzGsZgFCzO4E6LK++r93jDqTjqYv5Mc8GgXBJWiIGqDHL67pnBFNlKcePac1jBPyufVFRCW2S63LExFgzpnH3eUbWRwD2rxeBEJLNcSdRRlRsG72uXZcoDsDQtt8ofS/91rb3hGEtYpviOYqyKAUAvPvXd1vey9Ve1zZlpAjJKFVHciyQ54Hl/v1eNE3rq31t6zqk1W5T0zEseMARYO3rVbPP0rH5sU5YFFluTIQJEdy5Ah7f9p5HUZLT6bGymA/rykYlSlyiAAFgWF93z0aMQ0VJDCszzysOi88AA89JC1CXPxuPWwZlCpWu8scjCy2pOEcOh9D1xuLodEE/ixrPYf5O4cAgD50yUNLOxmSap0W8P5+qOs7H4ywqEUoPBTdw5lmdndnJzsh8PsVynGt2LGkKgScd95A5K3c6zfOUi7dVx0HxcQzvQiJwuwFhnrttYh03cdzsMS8GZgZ6GOFMczA0+1ItSpVvKZ+NzxF30TLGlPwHl9eWrYzthBb6Gfs+4oodRfGWznBwA9qF4Mz3khKtnqmbptoxrcIQualcd7G3vbkiPBOsbSVEgcfOaOnLP88ct9qmqo5ook5lXdJ3WhIV+v+Zb0DKfYxHJ9uHsSXEJR7vDXJ+O9Rz10OcB4HnlMi0GWl2WOsHvkNvvwoPoMAdDkMeW0sotZBz1wx+Fe4vcZdEISodkqcjH7nn/W369oOFzwPfnT+GuAl9/48w+HW7bf8DBlZCgOTxWuYAAAAASUVORK5CYII=
http://knyttlevels.com/levels/Elpis-SquaremansAdventure.knytt.bin,Squareman's Adventure,Elpis,Medium,Very Hard,Challenge,4,14244940,His girl is gone suddenly.,Climb Ending;Girl End,,iVBORw0KGgoAAAANSUhEUgAAAB4AAAAeAgMAAABGXkYxAAAAGXRFWHRTb2Z0d2FyZQBQYWludC5ORVQgdjMuNS44NzuAXQAAAAlwSFlzAAALEgAACxIB0t1+/AAAAAlQTFRFR3BMAAAAZeeXJyNjlAAAAAF0Uk5TAEDm2GYAAABDSURBVBjTY2AgEYQGQBlZEwgz4IpZYNpFYQxXGCPAAUIzCkAZLA5whgCEISgCYzDCFDNARRgcWGAijGgMuJ0sRHsOAGkyCDIL4CBbAAAAAElFTkSuQmCC
http://knyttlevels.com/levels/dessgeega-TheLighthouse.knytt.bin,The Lighthouse,dessgeega,Small,Easy,Environmental;Challenge,1,85108,"Tall, silent and grey-clad; the lonely life.",Alternative Ending;Ending,,iVBORw0KGgoAAAANSUhEUgAAAB4AAAAeAgMAAABGXkYxAAAAF3RFWHRTb2Z0d2FyZQBHTERQTkcgdmVyIDMuNHGFpOEAAAAMUExUReLi4oCAgAoKCv///+RZ/x0AAACHSURBVBjTY/j///8vIP7AACQWrocwfjFIQRgPGFj3gxkNDIz5IMY/ICMbRQTO+DU1NDQLrIaBgTUauxo44zCQkWP/geHDgQYuxgSDDwwGDCAGwwEGBgagVAIDA3YGFxqDiYGBMQLE4AAywtAZDFAGK4SxAsRYwMCgBWasamBYBWEsYFgFAQsAuzBiklNhsw0AAAAASUVORK5CYII=
http://knyttlevels.com/levels/Adam-PixelWorld.knytt.bin,Pixel World,Adam,Medium,Lunatic,Challenge,2,4508485,,Ending,,iVBORw0KGgoAAAANSUhEUgAAAB4AAAAeBAMAAADJHrORAAAABGdBTUEAALGPC/xhBQAAAAFzUkdCAK7OHOkAAAAJcEhZcwAACxMAAAsTAQCanBgAAAAPUExURUdwTAAAAAAAAAAAAAAAANOsCP8AAAAEdFJOUwA1BV35npjtAAAAeElEQVQY042Qyw2AMAxDg5QBWAHECAzgg/efibSgEIcLlSr1xc6vZr+Ok+8bZiSRAQy5GjqTwlFBecoodrjI49Z2MwVVnkl2J435np5Iw9QP5AJnXSAM9MJhEA6CsHGVCaOCsusG7Qdz4HKWxttHd+G98ZhZAne7C5+rHRZE8V8UAAAAAElFTkSuQmCC
http://knyttlevels.com/levels/Comhon-OntheTreetopsWidget.knytt.bin,On the Treetops,Comhon,Medium,Normal,Challenge,1,8858443,Help Juni find her way home.. (Widget's edit),EndingLava;Ending;EndingMushroom;EndingSecretLive,SecretSceneBackToForest;SecretSceneToNewLive;SceneFloatLeft;SceneFloatRight;SceneIslandFloat,iVBORw0KGgoAAAANSUhEUgAAAB8AAAAeCAMAAADjLDWuAAAANlBMVEVKjVkXWyREh1M7f0kAVSEIAAAAZiUpbjcyd0AjZTAAgCIAAAAAbymnh4YlfjfGr66Zc3T///5WeUklAAABGUlEQVQoz4WSi3qDMAiFSSICronr+7/sDgRb17kWrYHzc9OvVKy4Cf1j5T2mD5g+YPDlHablWc3MF/X2oPu+/014YKf9IuHAfN+Z+yWv3pvvgL9xzSP43vvrfpPXluN7j/b1rMNazfVxda611eTntOodIqHllCyvXu418wWxg0+pNXVqClcbwmMF3A02dVJt6j8IID0a8FT8SSo4RIeqSfRWZRFpqZPBVRtDrIgof7OKwdHUydSF0UqxwC2wWOrgZihX/EtkVpvENXXyMDhCY1cxyvyUybGMYDtwvINICS6SOmHWGM6L4CN46Zhs6vT13mhdl5OtR3g4tCy3J76dcyOgDbambdsRPTyK4MDziDtjusG27fl8cX4AxYISHcdoo8IAAAAASUVORK5CYII=
http://knyttlevels.com/levels/Yohji-TheParallelCat.knytt.bin,The Parallel Cat,Yohji,Small,Easy;Normal,Challenge,2,3345099,Your cat is lost in a parallel world.,Badending;Ending,,iVBORw0KGgoAAAANSUhEUgAAAB4AAAAeBAMAAADJHrORAAAACXRFWHRDb21tZW50AACJKo0GAAAACXBIWXMAAAsSAAALEgHS3X78AAAAD1BMVEWAkKZQVmPBtlcIAACVizaYCLTiAAAAfElEQVQY073O0Q2GIAwE4F5YoK5QHYAYJhD2n8lyoNY/+V8tL3y5g1Tkm0l+JD8uueQkf51s3Wro72bWcvBq+8s9rxJ8vFz4PvzfbKtxv9Ji3GcJ12dovXMM3/G0zhxgV6+CG7Qyh7sXdBZo0Oo5aC/oKEyDVhI/642lgk+8VRB6QDWVaAAAAABJRU5ErkJggg==
http://knyttlevels.com/levels/BloxMaster-AnAttemptAtArt.knytt.bin,An Attempt At Art,BloxMaster,Small,Easy,Misc,2,762714,Screens of Art,,,
http://knyttlevels.com/levels/AndrewNoel-TheUndergroundCity.knytt.bin,The Underground City,Andrew Noel,Small,Hard,Challenge;Puzzle,2,874821,Escape the underground city.,Ending,Boat;Wake up;Arrival,iVBORw0KGgoAAAANSUhEUgAAAB4AAAAeBAMAAADJHrORAAAACXBIWXMAAAsTAAALEwEAmpwYAAAAHlBMVEUjOHYbOYITO40BAQEIAADTuJraYCUVIT8JDRkNFSVZTWvWAAAAwklEQVQY042R0QmDMBCGT1wgZ7NAzg6gZoHGnmLfdQNxAh/aETpB1+1dVGqhUH8Ofr58CYQE/HfgABcykHqfLlzAljQyfKJc7Dj94f9xYQwYYN7Ol2AQLPPFGIyMSZI8mYOUsiyjvTdDMGgwekzs3PcoeFoY7TwMQVoZlR9NZN1fYYb21TCuvnSSWxu0cvWZpJtqJ6XeE5Hr2pEcUbw/ZY6YR8HMr57O06ilXO043zxxvfllQ73o+N6VDF+9zw/+zz5vPJZBvMZCFycAAAAASUVORK5CYII=
http://knyttlevels.com/levels/dessgeega-UndertheCrack.knytt.bin,Under the Crack,dessgeega,Small,Easy,Environmental;Challenge,1,20518,"A mountain, a waterfall, a river, an island.",Ending,,iVBORw0KGgoAAAANSUhEUgAAAB4AAAAeAgMAAABGXkYxAAAACXBIWXMAAAsTAAALEwEAmpwYAAAADFBMVEVrc1NBQUHEz6GLlW1R1pfAAAAAcklEQVQY03XMMQ5AQBQE0FUolAqXcIolKhWJUSgcwH1WvY2EfzpHYM2uYsU0/yWT+UoYq56zBuAXBxbCYIpgQ2WLFzOxpzgDuhtm3EAAESyx3GOPPdUOk0jyonFoP6hF8sFBl8K5VhkxqIKfUcGjD2C6CyFIbjwXb7DOAAAAAElFTkSuQmCC
http://knyttlevels.com/levels/Firecat-ADayInTheLab.knytt.bin,A day in the lab,Firecat,Small,Easy,Misc,2,105868,,Ending,,iVBORw0KGgoAAAANSUhEUgAAAB4AAAAeBAMAAADJHrORAAAACXBIWXMAAAsTAAALEwEAmpwYAAAAFVBMVEUIAAAOQAsgICAPIz/YwKbMrYsjQ38vrInxAAAAT0lEQVQY02MQRAUMdOIzMKDwBRgYGJH5xqh8gWRWFxR+QoCDIAo/1AWvejNWVPuYmRhR+UpofCYFFD4DAypfQAk/X5AB1TxBRkH88rQKbwDEFB9XdmT0nQAAAABJRU5ErkJggg==
http://knyttlevels.com/levels/Fubaka-JuniGetsAFood.knytt.bin,Juni Gets a Food,Fubaka,Small,Normal,Challenge;Misc,2,4413982,Help Juni reach a food before it's too late!,Ending,,H4sIAAAAAAAAA+2bz4vjZBjHM+sgWFkEFVk87MYs6Aimb5K20za0GWebcaYwHetMZaYHYdPkzfR12rzZJLPtDIIie/EkMgdBPCgI3tyD7kE9LF6EvXhwEQfUgwc9Cf4Lvkk7M2maDqvu8XkhafO8z/f7efP+4r3kvebG6sXMsxmO4y7W1/RN9ns5vOYfYfd7l7/8gONKXdLaCXYa66pJ+1nDoh2cHfZdLiyVpaFrmHs44Dt4lzhV4e9v7wo8sarCdqEhNdwa7pK1Qw9vHW60zMM9s2wJS1qmMlSZQR8HBj/s9xxfHVaFyFdl/8MwEvgoJdirCsthBb/TaPI16mG+kC2IpqTIfLGclQuFYlF5iVckOY8kGck5US6r+bwqSfy4CFqG3SueZaub+itjHHuqCt0gcFWEBoNBdpDLUm8XyeVyGUkKUhSRZYj+gRMYQ9Hxr45MTnx07JsecQNCHT58Njp0P6gKQoaPlfF79d1TkOOP+471IhoaLpKzEkoTWeapxt33elHTLBPhHu5jJ/CZTk7VuV0aUL9LZyBPq2eCWWsbjfPb2++nKv1g5WZwvtJvHbgYbWKf7nsmXrnJXuVqmlVAbDvdKayZ2XY8JDNkYc1Ipp3pKuxd1ZqHjYB6LUp72miWNU/6iK/VolnFL2wTx6ID/8UKSkrS3LDOLo0pC6JUEqVySy6xyajKkigtsj8xk1FmwqNBLWIfJD0UWZVyqqzEPWKZSQ+2fiwjMB7IJZ4b87FM1aZe3wg00jd2MXKd3Qo6C8YyT2eVWqM96rFmYS1XQWnhVFW9Vmt61CY9rPmbq9f4+kptUS4vLopKVo7bxPIm37fRUOuOHxiOieu6xgJZQiy1U8a5fLloiCXJVsRiLm+LpY4ki3JR7uRKii3bkhV1waR8ylqn5n646sbW1r+0jsmnrF/1CNsxjd7/RKTYTKHWiM8m7YE2sW6ivWwL35iMnlT0SLS3uYbn43DlVoWTpStMCUJNtAOohhnuipoZTXDWxInobBn5rwM4JZ/NGHSxc97CjGXNNvGpHQwMDy/vsp5+kD0jTTbV32jU4YnhQdPjczLm0+NZCTfHcC4wgBH1Nls9U7Fk/k44pr39qK6oSKwgObyPpfHqpLR9vrR9jvSs6nWHBJoyliTCMVW4g4/2kS122MDhqyVDyewmGeLejk7YivDDNuSksSZZkSpszxK2p4SjYYodCUbnDTQ+cLCzDjo97KRNrIdfAAIQgAAEIAABCEAAAhCAAAQgAAEIQAACEIAABCAAAQhAAAIQgAAEIAABCEAAAhCAAAQgAAEIQAACEIAABCAAeciQzNnng9ixqsJAWNLm0K/fcRz3mLvW9jnu8afCa4776ONLLPhEc721suqu37nzFXs6Ojo6/vmn93/5+g/2MBdsbmxxL/95bIdfJdb15dal++b1Tx5tXpib//DecbPZ1Od+2F58Zv7CC/NXFsQF/Z3bt75f/fH2Z7fefO6bymtvZf76vHDlt7ef5rg3Pn3y7vPC7zfCzxvrKxv6F9euv/sP4YnThSY5AAA=
http://knyttlevels.com/levels/AlmightyZenTaco-DarkSkyofWishMountain.knytt.bin,Dark Sky of Wish Mountain,AlmightyZenTaco,Large,Normal,Challenge,0,21543287,Juni and the mysterious Wish Mountain,Ending,,iVBORw0KGgoAAAANSUhEUgAAAB4AAAAeAgMAAABGXkYxAAAACVBMVEWAgIDAwMD///+wFbjcAAAAWklEQVQY07XKIQ6AMBBE0UkdnALDkaYhVeg9RS9Rg6rZpOWUlGXRKL56yQzOp4oPiKMnh0ZHoYMUQyeTQcloKBynG4wrxbBNjj3YlDXjCAOYgQUVDV59kfF3FxSfS5bZPH36AAAAAElFTkSuQmCC
http://knyttlevels.com/levels/egomassive-AKnyttinTime1.5.knytt.bin,A Knytt in Time,egomassive,Large,Normal,Challenge,1,2157979,Juni patches the past in this adventure.,Ending,Lab;Nanna;Faint;Vision;Bird;BadEnd;WeirdEnd;Mother;Credits,iVBORw0KGgoAAAANSUhEUgAAAB4AAAAeCAMAAAAM7l6QAAAABGdBTUEAALGPC/xhBQAAAAFzUkdCAK7OHOkAAABXUExURf+EAAwIAAQAACkWAA0GAP+EAPeEABMKAEdwTP+EAPOAAOJ3AL1lADGUISlzGUYkAG87AIBEAI9KAF4yANNvAJpSAObm/6pZAAQBADohAFIqAP97Mf///wE/OE8AAAAKdFJOU/4vL/+vr6/+AC+JsxJWAAABG0lEQVQoz32RgbqCIAxGV1goOjBBUvT9n/NugKJZ9/DL+HamfiXUzQN+8GhqaOAfGngqUJTPpRBRqSe0KpLLDsYoaL+CyFvbgnOudV807vqK1uQdOgddxlFOlgeKLiBmi11X9LvrVnYFTfp9YMWTTXosWkc2Sx0YD6yp6GT5CMMwjENhHIfok416w/vtRG9IB3hteL8s3r/OQE9430d/sazTbTSF/QWw1vJtVEjb+KwPbS3uGw/bAgQGt41+sF98CNaGrA2Bh4u0oSYnBDBz9imkveFebBuYI0iLw/h5x4CYaWkU9DcinVLyNgsQUgjBn0kLpCrOkJbpK8bw8DFQyeyjlgmRawU3OU1T9nrK7VzFDep7NfHEFVnd6z/PsDI81y53XQAAAABJRU5ErkJggg==
http://knyttlevels.com/levels/plural-Hypnagogia.knytt.bin,Hypnagogia 1.62,plural,Large,Hard,Misc;Challenge,2,51704676,Survive. Explore. Awake.,Ending 2;Ending 3;Ending 5;Ending 4;Ending 8;Ending 7;Ending 11;Ending 12;Ending 10;Ending 1;Ending 6;Ending 9;Ending 13;Ending,NodTransition;FlamedogTransition;EndTransition;ExitTransition;JumpTransition1;JumpTransition2,iVBORw0KGgoAAAANSUhEUgAAAB4AAAAeCAMAAAAM7l6QAAAAGXRFWHRTb2Z0d2FyZQBBZG9iZSBJbWFnZVJlYWR5ccllPAAAAPxQTFRFAQAAzczSi42Yw7m+CAYGzMTJ3tvfFxUVycHGyL3A1tXav7S5m5CcwKOnto6Ouquwz8fMyLW5paewomlq8ujorJyitaOpvLC3gHyBopmjLigoeXB1lGhoxb7FmoyTuJeYtoODOzo6hoWHvLi+tKu2oZ6qS0ZHnGVjqHNyXVZY5M/QyLCz4+Hlw8TL5ufryaipnXFvup+dkF9fIB0erK23xpmaj4iMrYaJsbW+gIudY2hwgFVW2tDUa1tclpWkpnh6w6iwvJOejX+Lvb7GYElLqZWYl56t4MfH1a2s7tza07y8d2ltgXF8rKO43Li4jZKkcn6PeEVJhWBfRlRmD/VDcgAAAkdJREFUKM9d0YdyqkAUBuClSpV2ARugQSwXsBLF3mJJojHl/d/lHhQ1c/9hhtn5zjm7O4taLZrjMAzjaJq+/DnMVeNkGQStFgqwTRzHkarCN8d3ahzj41rzKQqTyhbC1M/P0W53HuE4PjqrkTcukCRZaHqbMAw5FOLjn/HnCAK+i9RcASXp5+KN6m0SBsXnuzN+ns/xXC1z4czY3URRiLiqIOQ9z5vPvVPk4cUKeeWia4UYh2jGyEOBgHun6kkYPNXIdLhLYVyAaEK3B8D5qlk9rXMPJiwZOJAJ0+QJ17Usy62q9p15lp0GqMVhchIKwliuUEHp3pLJy8BTmWIgF2al9F4o01zbBhUgjs9DYGuelyTzFw9snaCRZRePuWPxuBZse2uYgxsXDcNQpmhaFaBZsNdrW4ftHixJS5lGtEy4JlxK1yWWYc1c/9GtTP8AWwRhWSxBMBRDSMUbv69W/l9gigdmWBZOzxLGO/kfMzzBXsOwvD5Luf8u+m/AmGTwrLIUlwoUmHqTvB9NSZjSt5Ivrlaiz7LKL57py2T41HecruOIS19RfGl755fhc3sPrDjZbNbpikm6txdBfeADdO/biSYl5fJweKzchzvtj4S75UX5Yg1Nq08Kt+6U37Kapi06pU5Hq9cfnGlmnw/7lEsQQE178Mui/Pzxit6GpV6vBM0NSGeSvsid/cXk6+tr0uvVtXpv8tInr8nUSo3y4RUp0P393St1FotG6XtWq1xTm3UuTCliN4nYbi/F7nbwdM1gK7YP+9d/erBetA6SQb8AAAAASUVORK5CYII=
http://knyttlevels.com/levels/DaveGermainGames-EnemyMine.knytt.bin,Enemy Mine,DaveGermainGames,Small,Hard,Challenge,2,17906536,,Ending,,iVBORw0KGgoAAAANSUhEUgAAABgAAAAYCAMAAADXqc3KAAAACXBIWXMAAAsTAAALEwEAmpwYAAAAY1BMVEUIBgVzSgsHCAZkQQgTDw2jZgsmHRJMNQ5ZOguDVgtTPQ8DAgQJBwZfPQpWOQoOCQUSDQoZEAgVCwZKLQpoRgxvRAaBTgZTMglnPwZ3RgYgGQyMVwp6Uwx2TQlINwsvHws7Kw3S+QEzAAAAC3RSTlPv7/fw7/3t7/Dv35YywPQAAAF1SURBVCjPHZKJDoQgDEQxHuhCuW9B9/+/coethsS+TDstsg/n/FwOhtjwnus5E+eH8edRRMEKqRGikVIqK8UBkFchuEmckQ1f6vEr4zM/Hy2MMVbLNwTlAY6Zp5xBpLFgogUiOhlrofzLhj+xGmeMZWWbeEN+IPMqawmJteLtAwD9Avp579XjoGkG3vrFttbkO8jPKCR1M8Y50Ra2WWtQDYoHDshK46yT4mCHdeZPcs6+JNLSTQOMHWhnpPgGyl5RGdHOQR22A+vaOuFHpgjTKWqhnYXCSojh5O1RlRhjj0I6DfBt2koHJ28niiWkvUoBwDPcIy+1+PZCVNO9F6E3xr3yQsKIcZPUmlLdCa74k3uRAtbg4HunFEtKdwbAcu8AzdyfePY71ljqzdlZI6m7am3nyOK50wBIF1tGDarvHRM3XBNIjCgHkEKs/QaZ1wSCPoPKwvgYo9ee9iGlBhHQlBFOdqzXdS3Lde0L9rPhF2Lnta6fH2PUJHmOtOe1AAAAAElFTkSuQmCC
http://knyttlevels.com/levels/Firecat-TaRWM.knytt.bin,Tiny and Really Werid Maze,Firecat,Small,Normal,Challenge;Maze,2,34074,,Ending,,iVBORw0KGgoAAAANSUhEUgAAAB4AAAAeAgMAAABGXkYxAAAACXBIWXMAAAsTAAALEwEAmpwYAAAADFBMVEVHcEzb29sIAAD///70varMAAAAAXRSTlMAQObYZgAAAGVJREFUGNNjYMAHmBg4IAzOBjUIQzVhagOYMTUqNAGsZNWqVStADK76/3+jQAy1////R4IUTQMxgIqYwkCMCCQRhBouIAOsC87Apx1oBUR7aGgoRDuQEYXiDLjDEE6FOx7uHVwAAAmPPu8fS6TPAAAAAElFTkSuQmCC
http://knyttlevels.com/levels/BanderAnder-MayTheWindCarryMeAwayv2.knytt.bin,May The Wind Carry Me Away v2,BanderAnder,Small,Hard,Challenge,4,11378386,Juni is searching for an umbrella,Ending,,iVBORw0KGgoAAAANSUhEUgAAAGQAAABkCAMAAABHPGVmAAAACXBIWXMAAAsTAAALEwEAmpwYAAAASFBMVEXu7u+yvM66x9t3eYfj5uzW2OGHiZj09PXy8vL///+co7KSl6fI1eikrr/Jztmvs8BkZnPW4/QuLTFDQUjBwstXV2L3+fwhHyNqEJMNAAAEJElEQVRo3u1Xa5eqOgztM03fhdL6///pDYgyo3NGOEc/XfaaWSJidvPYSWTsxIkTJ058FDiD4e3yE/aNgTTxSavlvU5q++g9FIYxpYXgyqwWMWuzfqiyxrdwJMGFYtYO5n58tVpGrdQbSAwTIoTBWqu3M99JGE4G35AOLgSd1tqmN0cMu5tG9YZYecl5yNxGt9qdi0BPybytvtCAzHxOiZaLVWJQ2ZfivZzeRIMYFw4XIiwKIQovfQrDMAgJ6h+Nr0lPzfkYOecUq1ksqEEIJ6gUfJHS/J2izfxnDFPrHZA+hiEIvnAongWnOqAb9O8O1u6iaKZUygDOAeS0fN/oAp44gl9OMPkGWRCjoHueH0rJXJApgiwS/NQHrbpNHJf7rkqSSPRkDxU9UWKMnodBgFyqC/cSmMlLGXnovdsVOc7RRuac9s6DvtozOtEbHx0UuFYW6h00swtQXO50be9QblEEKkeSM1rfGxY9rpWTbhrUjeN1yNDkIrmxQ+hfKEA2tfVzvIFdr2fee+PFl2qnki+FIm4Cqo0jRcuyeXxQKbNSPeYBX1BQoMiHgVl5c8RY22335iFr5G/kFJq5QeKx9i2jCDwIa71eGHQRy6v8Fmdkky/CuUgCTKCOcXD6GnfeKavKkgopr95MD4Zwghq4BzqS1vEIiZlIux4gzSefHQl5WHOSzdM8aYEITDcGj3GAIw5POcDOg+38Ginb2ZeErGsDmqkCPaOPDXM0TQYHmfKdOotWlLtK3DaLjJLX8Y2a5ApOH+TgVURJvaKTQCKPoFeKDuyuAKoM5sy2C33zY5vxvxRWjdSnaf/oPUR3C5VNsGk7KW51+oMlnF6sKBTi1i7UwnWMBqVbC9j27v0tVmaYe7v1f5oXqNTvgqE0ck8kDiTjrbhbOpTU9xk+z4vIIePLqfbzdmdig0FcZKmtZO+yuVIwLtXND0w0/XgUbVeqUemnW7qOYuC1jONlLFSZS6TUAB63sio01kXaO/jg8SxUWK2GUNpIKBxnH6yKouStl6AuNNTDXuU91xnqWAr3tY5jnZXek4g+5i1Uy54rXczPg2KvTDCP0KokirE51TtF3seBu+8a0GMt09PxcNrJQsuHLJfxciEz3i0Ig9PfT01bzw8DT8G0t2dJKHM2xlprARe5GNzTHkh7+g+xSrBzOUFWG3kx1ksQ1OWdGPwPsWc/Zpy2pZ3RUuNcubWCoy5MlQz45+M9Uu39RYXpsnAUSRub4f63xRwV+6t1mpr3ZUbNA4MM+vcgH/gBhV9GDS2ERNEK55La46s8HhlRSt8nBEoqXlJJmw4O0h0VdSNhrfEqU9TmA7/B11DpsQzUPj7GMMvQcx6bMZ9jIA5orU1JfZIDM0yOfTJSS40Z/DDDkWFw4sSJEydOnDhx4sSJEydOnPgf4D+xZTYikkMalAAAAABJRU5ErkJggg==
http://knyttlevels.com/levels/Farik-Camping.knytt.bin,Camping,Farik,Small,Easy,Environmental,2,85722,It's a meteor shower party!,,,iVBORw0KGgoAAAANSUhEUgAAAB4AAAAeBAMAAADJHrORAAAACXBIWXMAAA7DAAAOwwHHb6hkAAAAFVBMVEUAAAD///94eHhXwt0lmrgVV2eZ2eqF6TjyAAAAaElEQVQY02NgQAOsDAQAQgEThAqA8RUV4FICSPIIBbiAAxqfhRQFTGgKwK5gRpNnMEA4CwyY0a0wQONjKEhA47ORokABajvUAUxCIJJRQBBFnlFQEMWNDIICKAZC5JH4Aqh8ARTNEAAAJEwEoVobp28AAAAASUVORK5CYII=
http://knyttlevels.com/levels/Carn-TheEndofParadise.knytt.bin,The End of Paradise,Carn,Medium,Hard,Challenge,1,116261,Attempt to escape from Paradise.,Ending,,iVBORw0KGgoAAAANSUhEUgAAAB4AAAAeBAMAAADJHrORAAAACXBIWXMAAAsTAAALEwEAmpwYAAAAFVBMVEUIAAAAAABtbW3///9oaGgPIz8jQ3+UKFOgAAAAYUlEQVQY073NsQ2AMBADQCuEAT4T5D1BpCxAkRWgpmH/FSAVmCIVwpVPer1BDX4yIM5AeHpV52Oq4r0Uimsd3m+T7s0xqNvLcRED6tzGJu5/zkReTL0iudGYENy82zRf+wS/4jRD1iL9cAAAAABJRU5ErkJggg==
http://knyttlevels.com/levels/Dron-TheReturn.knytt.bin,The Return,Dron,Small,Easy,Challenge,0,51280,,Ending,,iVBORw0KGgoAAAANSUhEUgAAAB4AAAAeBAMAAADJHrORAAAACXBIWXMAAAsTAAALEwEAmpwYAAAAFVBMVEVHcEwIAADr6+sPIz/YwKbMrYsjQ3/R7htMAAAAAXRSTlMAQObYZgAAAEpJREFUGNNjYBgYICiIwmUUFBRA5huj8hmTRV1Q+ImBjijaE0Nd8Ko3E0W1T1hIAJWvhMYXUkRzLiqfUQk/nwHVOwwMAgz45WkFAKmVBo7qdhLWAAAAAElFTkSuQmCC
http://knyttlevels.com/levels/Cosine-Maintenance.knytt.bin,Maintenance,Cosine,Small,Normal,Challenge,2,5869135,Fix it.,Ending,,iVBORw0KGgoAAAANSUhEUgAAAB4AAAAeAgMAAABGXkYxAAAAGHRFWHRTb2Z0d2FyZQBQYWludC5ORVQgdjMuMDUbw+BcAAAACXBIWXMAAAsSAAALEgHS3X78AAAACVBMVEVHcExRUVGAgICQdVyWAAAAAXRSTlMAQObYZgAAAFZJREFUGNNjYIAD0VAgcGBgYMxaBQRTGBjYQPSqlUgMKTBjlQMKY2kUlDE1DMoIhTJWIhhRGCLoUqtCszAYUeiMqRiMpTDFy1ahi0BciOkLuAfhXoYBACPJaOAxac3qAAAAAElFTkSuQmCC
http://knyttlevels.com/levels/dessgeega-Castles.knytt.bin,Castles,dessgeega,Small,Easy,Environmental,2,11784,Up to our necks in bloody castles.,,,iVBORw0KGgoAAAANSUhEUgAAAB4AAAAeCAMAAAAM7l6QAAAACXBIWXMAAAsTAAALEwEAmpwYAAAAOVBMVEX/vCOHAADlAACtAAD/5g3/2hP//wAAAAD/zhr/8wbIAAD9BQL/Hg7/OBv/pS//gzv/UieaAAD/aDKUjaR6AAAAeElEQVQoz43JQQKCMAxE0RGUgiLW3v+wpM2sQpvwF7OYh8UNmxuebni5YXXDjVIaDHBIKQ3mIPdq/JP6XCXmMuIiXKQ+V0HOJfe5inDrai18Ncu8I941y7wj/miWeUc8aZZ5R/zWLPOOeNYs8474r1nmjYdmmXfAJ7aRGnEnjoEGAAAAAElFTkSuQmCC
http://knyttlevels.com/levels/Farik-Harvest.knytt.bin,Harvest,Farik,Medium,Normal,Challenge,1,9669424,"Farming opera, baby!",Ending,chaptertwo;chapterthree;chapterfour;chapterfive;rico;ricorosa;doyle;finalchapter,iVBORw0KGgoAAAANSUhEUgAAABkAAAAYBAMAAAD9m0v1AAAACXBIWXMAAA7DAAAOwwHHb6hkAAAAElBMVEWZ2eqcWjz///9yQi4rpAIAgAAhYZRNAAAAYklEQVQY02NgIAiUgABEMwFpBSUlKBdMKyDLKUFoBUydEIAqRw5gBWIHBNeFgQVJMsTFBVlpiAOyThYG3DwXZJWMxsYIjrGxoKCxAYTNbCwI5AkKg7kgFhiAuBCOIQgZGwAAFA0MW8UdbFUAAAAASUVORK5CYII=
http://knyttlevels.com/levels/Carn-EscapefromPain.knytt.bin,Escape from Pain,Carn,Medium,Hard,Challenge,1,881362,Help Juni escape from the depths of Pain.,Secret Ending;Ending,Secret Ending;Killing IT,iVBORw0KGgoAAAANSUhEUgAAAB4AAAAeBAMAAADJHrORAAAACXBIWXMAAAsTAAALEwEAmpwYAAAAG1BMVEUCAABgAAArAADEAACdAAD///9+eXkPIz8jQ39ws5fEAAAAxUlEQVQY07WQvRXCMAyEzzY/rZ0sYOIM4Pg8gB9ZgIaeihWgpGNtJJJMwEOVP510umfg52oA/XxmDsPSiL7vhD0RFe3k+0AKF6NM1sSgHQgbKw9mwLHaoenATD6UJxOVo2N+76+OJXXi5kpifl0uslWFsfBVdBar+tSv8yyn1T8/99AzYbt3PIj9kJS/wvGubHUeXa/6jasfYpKkUKbexyj58v22+WFkWLgMymYnTIk/1ib7esCQYi+Bov9+gHTgGlrF3+sD1tYl/dOCUu8AAAAASUVORK5CYII=
http://knyttlevels.com/levels/ChristianSchnellmann-TheExtinctBird.knytt.bin,The Extinct Bird,Christian Schnellmann,Medium,Normal,Challenge,2,22580071,,Ending,,iVBORw0KGgoAAAANSUhEUgAAAB4AAAAeBAMAAADJHrORAAAACXBIWXMAAAsTAAALEwEAmpwYAAAAD1BMVEVHcEy8uZb9/PO8uZbo5Y0v1d+BAAAAAnRSTlMAlm//+0kAAABuSURBVBjTrZDRDYAgDEQhLGDCBrUDiHYC2v1nEppIix9+GO7v8q5N7kJYonwVb+MJ++YxAJQJgw8kbB4Oi9c6HZDy3c6VjwdJlI8HSerLL+HoeBPK4yMJIgiPQiRdbH3UW5/YA+wGyiRcPvb8rxtLmxmjCiI5GQAAAABJRU5ErkJggg==
http://knyttlevels.com/levels/AMSmith-TheForgottenTowerSE.knytt.bin,The Forgotten Tower SE v1.1,A M Smith,Medium,Normal,Challenge,2,407808,Standalone Edition,Ending,,iVBORw0KGgoAAAANSUhEUgAAAB4AAAAeBAMAAADJHrORAAAACXBIWXMAAAsTAAALEwEAmpwYAAAAJFBMVEVHcEwAAACEZAAAAAD9zTePbADLnAjrvCZvVQDClAHWpxNdSQAa3kkVAAAAAnRSTlMAMSdNzQIAAACXSURBVBjTY2CgHAhCgQCUbwwFML6Ji5KSkouSMoIfGhrqEhoM57ui8VWBwCUIrt5ICaTfCcFvanLScCmB8y06OsorysuLkfnlJUj8Hd3t5Ujy1rt3by+vQvDR3WuktGqRktYquPmmoauWhq5aFYzgp6WGpaXB+UZqaUlpaWkI92QCQdqkZjh/JgjMgPOtwfzZm3HZT00AAKk/OXH0NROmAAAAAElFTkSuQmCC
http://knyttlevels.com/levels/Farik-DeserterLife.knytt.bin,Deserter Life,Farik,Small,Easy,Environmental,1,3022641,Things got messy...,Ending,,iVBORw0KGgoAAAANSUhEUgAAAB4AAAAeBAMAAADJHrORAAAACXBIWXMAAA7DAAAOwwHHb6hkAAAAIVBMVEWcfR48ZyG7liSD4OD///9tvj1vWBVVlDD/NVT/o7H/8gDvGXbaAAAAoElEQVQY043POwrDMAwGYOEbBCzSMegGoR6yFlw6C+IrdDcUfIB0yQ1Cb9BbNo7tRs7S/tunFwjOIsZakLa1zQ/b/z1M9f68VB5e70nON/PSbEw2eHp6u7sfkYPefeGRH8LIjoMXRufaylenhfWh38f9w33p2L81su/YpwHY/kJsw9frm9FlPn4dne/d60AHaxRBCREVK+qyKVeTiVQ20Qczm2LaqVhOrgAAAABJRU5ErkJggg==
http://knyttlevels.com/levels/FredrikAndersson-Cursed.knytt.bin,Cursed,Fredrik Andersson,Medium,Normal,Challenge,0,389977,,Ending,Lighthouse,iVBORw0KGgoAAAANSUhEUgAAAB4AAAAeBAMAAADJHrORAAAACXBIWXMAAAsTAAALEwEAmpwYAAAAFVBMVEVHcEwIAADr6+sPIz/YwKbMrYsjQ3/R7htMAAAAAXRSTlMAQObYZgAAAEpJREFUGNNjYBgYICiIwmUUFBRA5huj8hmTRV1Q+ImBjijaE0Nd8Ko3E0W1T1hIAJWvhMYXUkRzLiqfUQk/nwHVOwwMAgz45WkFAKmVBo7qdhLWAAAAAElFTkSuQmCC
http://knyttlevels.com/levels/FelineMonstrosity-DesertStory.knytt.bin,Desert Story,Feline Monstrosity,Small,Easy,Environmental,1,2588565,,Genie;Ending,Genie,iVBORw0KGgoAAAANSUhEUgAAAB4AAAAeAgMAAABGXkYxAAAAH3RFWHRTb2Z0d2FyZQBNYWNyb21lZGlhIEZpcmV3b3JrcyA4tWjSeAAAABZ0RVh0Q3JlYXRpb24gVGltZQAxMS8wNS8wOE0FlEoAAAAJcEhZcwAACxIAAAsSAdLdfvwAAAAMUExURdigIf/ZQGmWPfPu3zhCwtcAAACJSURBVBjTlc4xDsIwDAVQzyzs3Os3oksnBp8CLtGZLqmEJy6TS8CSpQtSZb4hjAz9S54cO7G4F+DsVdwBDIGVSIGFQKAgs4mA2Q0D0ZnZfK3y7AkjHnFaqmLf3H+Y2hXx4jQHq6yWFSObXXHEGA8CfZcb7FMpUI1P9wtOGmtEDqlhd5GW6T+25g2OfmXM2bTVsgAAAABJRU5ErkJggg==
http://knyttlevels.com/levels/Andy-Woods.knytt.bin,Woods,Andy,Small,Easy,Environmental,4,213667,,,,iVBORw0KGgoAAAANSUhEUgAAABgAAAAYAgMAAACdGdVrAAAACXBIWXMAAA7EAAAOxAGVKw4bAAAACVBMVEWaHBx4FRWGGBgLy6RwAAAAe0lEQVQI1x3LsQ3CUAwE0PuWgywqF6GgsyIRIab4BStkgyAxxheiYgJoqUKmxJfGz3eyofBaOxSoJ6i9e+KTEj1clXQTKWUDt8/zlGA3H0l5j0SWH8F9BaJhIYGVGC6JyQYE9uJs+2+mBjlnCsiQaeCWpy0eSZbGh7D4A9+IElp+E1nGAAAAAElFTkSuQmCC
http://knyttlevels.com/levels/Firecat-TrappedInATowerFullOfSpikes.knytt.bin,Trapped in a tower full of spikes,Firecat,Small,Very Hard,Challenge,2,1756778,Your only friend its your umbrella,Ending,,iVBORw0KGgoAAAANSUhEUgAAAB4AAAAeBAMAAADJHrORAAAACXBIWXMAAAsTAAALEwEAmpwYAAAAFVBMVEVHcEwIAADr6+sPIz/YwKbMrYsjQ3/R7htMAAAAAXRSTlMAQObYZgAAAEpJREFUGNNjYBgYICiIwmUUFBRA5huj8hmTRV1Q+ImBjijaE0Nd8Ko3E0W1T1hIAJWvhMYXUkRzLiqfUQk/nwHVOwwMAgz45WkFAKmVBo7qdhLWAAAAAElFTkSuQmCC
http://knyttlevels.com/levels/dessgeega-TheOubliette.knytt.bin,The Oubliette,dessgeega,Small,Normal,Challenge,1,2539930,Listen: the gentle tick of the mechanism.,Ending,,iVBORw0KGgoAAAANSUhEUgAAAB4AAAAeBAMAAADJHrORAAAACXBIWXMAAAsTAAALEwEAmpwYAAAAHlBMVEW7sJionYixppDGuaAAAADOwKackn7WyK3h07b05caJ5ZmxAAAAf0lEQVQY02NwAQPPmVMgDAYy+Z0tKHyPDpL4HhUVFSUIvns5CJTA+eUQAOeHQgCU7xoKAyEgvrMxApgA+cbIwIXBgQEZsGDyFZhQ+E5KyECFwQWFDzTfURABREDucUTiQtwrBgaCcPenpSUCYRqc75YGAimI8HCDcWHhBQek8gHRuG0lF3wyFgAAAABJRU5ErkJggg==
http://knyttlevels.com/levels/Fred-Frozen.knytt.bin,Frozen,Fred,Small,Normal,Challenge;Maze,4,829457,Icy adventure!,Ending,,iVBORw0KGgoAAAANSUhEUgAAAB4AAAAeBAMAAADJHrORAAAACXBIWXMAABJ0AAASdAHeZh94AAAAJ1BMVEUWS2H///8xPD2qyf82Q0Rso/08SUoAAADG2de61/9ft9uLsa0iRpKBraJhAAABEklEQVQY003QsW6DMBAG4LOY2sknxJCMSNkdWR6yGzJTAw8QQfoCVRn6AgwdElXdk7Uv0CEv0Mfq7yNEnJDwJ3x3vyDf+UPe13h1Hg+Jg3v4iOqtbdqjFPnSl4VNrYsXSi8OW0W2Xpo5/Z4s7YboycoEKvMc45Q+2dbjPPmkV7TwzrCeHZsC7tO938d41lywEAEP4s3OaNou/IX76eQpP5Ga92PqRubVMerd5uF2Mk0uqIn9W8OJ9DcUMDakirV96XzhqIIrOzujkOG7YeYEf6hyFBzyw+ckw8HRMOQ5vGLlvB8Guv3GOHxmDX/caHwXs3j/CSP+M1/XGgFeRxrffG/Vz/p6wcK9WNZhofgvmmKJ/wGYH3QMjECfjwAAAABJRU5ErkJggg==
http://knyttlevels.com/levels/14-altf4.knytt.bin,altf4,14,Medium,Easy,Misc,2,20806733,,Ending,,iVBORw0KGgoAAAANSUhEUgAAAB4AAAAeBAMAAADJHrORAAAAGXRFWHRTb2Z0d2FyZQBBZG9iZSBJbWFnZVJlYWR5ccllPAAAADBQTFRF+fn56+vr9PT0/f391tbW7+/v3t7e5eXlzc3NwcHBs7OzYWFhnp6ec3Nzi4uLS0tLlYl+aQAAAWFJREFUGNNjSAOBPNMwI0UDBgYGBQYQt6zONIwJxGcG8lPKwPIMUPmOzs5Zs9YyihobGAMBE0NooJISA6OR0pmzPWc6ugwYysvCywJFWBWmi6gGKkUA+WmBYP5EEVYw38WV2cCAwdhYNJCBlTXMmEFJ4fb+tfd373XL6JzHpF7CICi8o0fExc1Lvby8xghotDiI7wblBwUxhAZfqwpxcfFSTwfyVZUYUpL/vFcB8cHyqgzlxTvXw/lA/Sj8ICUGJeVf62vv3Xub0uLirdHiwnDm4I9uoM+YlJSCdIAeYnBx+tltKCgoWigoKAvyMZA/27ywULBQHMJPS/01GygPAmB+R+MTb0OgNIzv4fgSor8Qqr/xZbc5kvq0xJP9nDNnTmkrS68F8WdOe+kNCkohJSUtkHs72k54myopKTiGhkaBzW87Cea7BgL5CgwMguIzu8F8qPzu3S3ZyPKr1mV4I8kDAM8VhVjCM/j6AAAAAElFTkSuQmCC
http://knyttlevels.com/levels/shawnachu-TheWorldBelow.knytt.bin,The World Below,shawnachu,Large,Very Hard,Challenge,2,7118433,Get back home.,Ending;Endingtwo,Falling,iVBORw0KGgoAAAANSUhEUgAAAB4AAAAeBAMAAADJHrORAAAACXBIWXMAAAsTAAALEwEAmpwYAAAAJFBMVEWec0KddygIAQKSbiKUcCNnShSCYR3Sxbfr6+sRGzPLGVXMrYvfYRLUAAAAtklEQVQY06XOsQrCMBAG4KMZCt0CcS9XkIrL0RNcG+kruDtlFhf3Tp27ufkMrr6cF9Kkrbh5w4Xv/iMJwL/1XLMofubXZAJEyPPZGWI55wXtvCnlzbi/r/26ARzT5DS+1/lj/215jxb316X/RVwhHEpY7BPWvXQ1G8UtwDRps6Ff7BM3Q698Hs1YKUV8CWbmilnJEeycw63zFXxOFaxjbYI702l9kB7dWa2N9GS/LD3aamu0sZM/81Ym8ZTcW8EAAAAASUVORK5CYII=
http://knyttlevels.com/levels/Dukit-DimSquare.knytt.bin,Dim Square,Dukit,Small,Easy,Maze,2,31546,A small and dim maze V1.2,Ending;gnidnE,,iVBORw0KGgoAAAANSUhEUgAAAB4AAAAeAgMAAABGXkYxAAAAGnRFWHRTb2Z0d2FyZQBQYWludC5ORVQgdjMuNS4xMDD0cqEAAAAJcEhZcwAACxEAAAsRAX9kX5EAAAAMUExURTZkHB44DwEAAEiEJXY+B7kAAABcSURBVBjTY1gFAQsY4IysVatWrsqCiCzLnAVmTIOIrFyVCVGzLAvKWLlq2qxMFO1wxqzMZbOycEuRqWsZHgNnJSBEIGCBAoRmaoCKcMF1rVvA8P////37XiOZAwDLq40eZofMIgAAAABJRU5ErkJggg==
http://knyttlevels.com/levels/Fubaka-CosmicMeltdown.knytt.bin,Cosmic Meltdown 1.0.8,Fubaka,Large,Hard;Very Hard;Lunatic,Challenge;Misc,2,123680577,Save the Knytts from a major disaster!,Bad End 1;Bad End 2;Bad End 3;End Normal;End Hard;Credits;Credits Hard;Bad End 4;Final End 1;Final End 2;END,Hologram Scene;Terminal Scene;Starting Scene;Village Scene;Credits Hard;End Hard;End Normal,iVBORw0KGgoAAAANSUhEUgAAAB4AAAAeCAMAAAAM7l6QAAAACXBIWXMAAAsTAAALEwEAmpwYAAAAaVBMVEUlJgH4+r7p6ef5+srb3GH+/v3k5kbh4k/e31f7+/T4+dv6++rt7r3i44+dnY/k5Ijl5tXGx4tbXEHm5tGSko7GyHL9/qxcXEnV1bCdnZPGyjhbXETIylrZ20H9/3n9/pPIzBTHyyT7/QRvWQt3AAABj0lEQVQoz31T2baDIAxMREVAca3W9h5b+/8feSdA7fJQjgdCxmxkQoUp8JkiM1mRhRVEE/VkTNeZzqx1XXvnpwkbxNWMojdUdM6d3dJgtVc7DG5oW8gLlK4rAtxbysMirLwKku2tG8X5uY9whUUkexXg/hydWys4tFoTaa3lN3uyyXohuRBATUoJjhMKWsR6bcTVCfqyJMVUynGScM1aUFY3kon6U/SEwwUJNHVGRmAEUxdFtDPvFEQkkLe1CdaSFZTMTIRthwtJsIV14QXWuiRgtG3YQnzgrUdscxW4FHibZ55vBzy4jDLvUBNsLkwzK8Uz8Z2kfrIe8HTFRUncDahVDHMIUA7TAcOMbmxtgiXJCHv7co6/VHJeJufuZ2qpsDIW9nh8F1bHut+e5S54epb4qDo+6p0lLu/SN4Hjo+bVsyX83pLwqEdDpZMcD8HRUH/QIdAgwR90GCOZJL1EJsR9I1Oi4gfXXlQcDyILUSNVE5ETz+MYtO2AMbAYAwzCcwzCEI3fQ+ShGsMQ/RzBf9LuHIlMfaE6AAAAAElFTkSuQmCC
http://knyttlevels.com/levels/Farik-Ascension.knytt.bin,Ascension,Farik,Medium,Hard,Challenge,2,10324353,,Ending;EndingB,,iVBORw0KGgoAAAANSUhEUgAAAB4AAAAeBAMAAADJHrORAAAACXBIWXMAAA7DAAAOwwHHb6hkAAAAGFBMVEWQ2u4AAAAAt+/////r6+sRGzPMrYvYwKZEBwE/AAAAi0lEQVQY082QwQ3DMAhFLW+AiHOOYALMBEhdIIcO4EvvPWX9/NhN2g5QqZaQ/D88wE7pD4+IfEl3Xz6lEVc5nexW7it7fWk1Ihh0IlqoPYkuRMvctimm8IFAP6Aj2Dqi1JC/RRhz7f1m8DB8APkYbwjUjwZI2BGjPmUYGPbeOku/6bVi6u/Lsvz+K3ehWxk0+y99yQAAAABJRU5ErkJggg==
http://knyttlevels.com/levels/Diesel-Station07.knytt.bin,Station 07,Diesel,Medium,Easy,Challenge,0,155227,Unravel the mysteries of the Station.,Ending,,iVBORw0KGgoAAAANSUhEUgAAAB4AAAAeBAMAAADJHrORAAAACXBIWXMAAAsTAAALEwEAmpwYAAAALVBMVEWvr7ipqbG+vse0tL25ucLExM5YWF1fX2Shoah4d31sbHKWlJaHh46RhnN8akRjZKTsAAABx0lEQVQY0xWNsWsTURzHv8+LWC2W90jRE3HwLm8IWS7JSSPVoncvQ6RDeeTAbk7vqGTpcs/GxXgigigxlUDBodKQG3TIEFpRhFqKU4ZoHYqDk0MH/whfp9/v8/3C5wv+NWhGXEaRjHjkFBD9MT/ndYeb8JRfRbIuHdl0eKHOHfASv36jEK18ebc1mXcF5N36uZd6u9TWWh8KDind7OOwvWhQH4gVRM2S/vA7Gb3o3J/kAh8yWN14fZy8dYJiPBYuuLu6dfYk7vmVBf0rDCEry5PccXYQiMvtacWDI4r6cJT1uLe79tcqIJANnZ7ZeyP8/sZR9bS/p8fhXs/1s/Wf9A6csKifhvEg9OLBkZ+DCBr6mRfv+DW1OUYVQjRUDsl29Va8n5aBILygUqEGOK9HeYvCE8tJWlWb1oJK4QEFV2RpTQ28S4rABG7Vez5fi3fobuxZNI9QlL8/mVXvrf4ao6QGy7+puldUF8MWJWCG55JWX+3T4QPAJsawlLSUokw9IoQwo5z7/FA9zi+qLoHN4JGl0bdPFp3912EzpAOwa1MzzDonjFIbQPn2lBkvITOUpubSiz8YtRlhjBkhQK9OQZiZtjs0T/8DBjiHDiQ3hXYAAAAASUVORK5CYII=
http://knyttlevels.com/levels/dessgeega-Antsy.knytt.bin,Antsy,dessgeega,Small,Easy,Environmental,2,34003,Can't stay here forever.,Ending,,iVBORw0KGgoAAAANSUhEUgAAAB4AAAAeBAMAAADJHrORAAAACXBIWXMAAAsTAAALEwEAmpwYAAAAElBMVEXz+/9iYHdwaHR+a3Spa0h3anQhIiJUAAAAq0lEQVQY05WPQQ6DMAwE3ZIH1Cm9gy3u4BV3kPIC+P9fatQGopxaX5LJ7toO0U+1G0q8A+LHeMpQ6QjIJhylsO3LZmowbPLlBuovswy5gXt1FlG6DLrJkPPwBkDM+QaiyvbymR9ZBMwco+Tx3o+flnVS65n3Uc79J7dbR9c4nkqmyZkfxY9RMXFfMTNVOlV66b/FHEhEgah1bFe/hJRCWDitLaeUliNX1r/8BokRHQKOh/+pAAAAAElFTkSuQmCC
http://knyttlevels.com/levels/dessgeega-Fossil.knytt.bin,Fossil,dessgeega,Small,Easy,Misc,1,270352,Here the flowers grow big.,Alternative Ending;Ending,,iVBORw0KGgoAAAANSUhEUgAAAB4AAAAeBAMAAADJHrORAAAAF3RFWHRTb2Z0d2FyZQBHTERQTkcgdmVyIDMuNHGFpOEAAAASUExURQAAAFRUVMzExABYAACoAJQAjP5QBikAAAB5SURBVBjTrdHNDYAgDAbQD3EASlyATsCBATy4gbL/Kgo0IERvkIbk8dM2AOoHphhIUQ3AoSykyYiVGGKMdtmmWg1e/k3NxMyO7DN/92ug5bzkX0Po8ul4dg7x8i9T3S/9Ur0vNtpnL1J/24ud+LA+1ef2fpZTzPiPG45pGtTxW3KhAAAAAElFTkSuQmCC
http://knyttlevels.com/levels/davidc+SergioCornaga-JunisNightmare.knytt.bin,Juni's Nightmare,david c & Sergio Cornaga,Small,Normal;Very Hard,Misc;Challenge,4,12982648,"That night, she has a horrible dream...",,,iVBORw0KGgoAAAANSUhEUgAAAB4AAAAeBAMAAADJHrORAAAAKlBMVEUHCwjBwZS1tbUBAABwAAP4AAQAPQBJAE0AaAAAAFgAAPj4cAAAAJAAdFghTt8NAAAAvUlEQVQY042PwQ3CMAxFnYgjhyQICW62KwHHiDJA6Q7cKyZATNIdWIBZmIg4cRBFSJCDkyd/++cDTw98YR/kRfkSdiB12LbnwrvumGrHV+3ThlLtOdZ9KKX3cbIfAwbltXqFdz3yqPosZEf3wshO+iewqgdzEw5cmDzlD1f+me+DS1BNLX6Amrrsa6CZJ17FVudnxoreWeWDucjoou4ny69UwtE+JmwHk9krG5SBJe6D+jvpY/WndMSP6I98T6eTOrRTNcKmAAAAAElFTkSuQmCC
http://knyttlevels.com/levels/Firecat-TempleFreefall.knytt.bin,Temple Freefall,Firecat,Small,Very Hard,Challenge,2,176026,Don't touch the walls!,Ending,Monster;Dead;Dodge,iVBORw0KGgoAAAANSUhEUgAAAB4AAAAeAgMAAABGXkYxAAAACXBIWXMAAAsTAAALEwEAmpwYAAAADFBMVEUYJRhEU0IuPC1aald3FSZdAAAAb0lEQVQY053PsQ2AMAwEQLdhFPYxlGxByyoRXbwPdaZIOmR4OxCJEsvFy9IpH6JnREZs7OGdXQQbe6BB7oFKzDxBJVWtUCGrrlB2gUpaLFBAMIXgqjR18lxd8dLUsX2VNoUnTOFiCjW8oXjDP/+6ABKof49FnZR4AAAAAElFTkSuQmCC
http://knyttlevels.com/levels/DrKorbin-WhokidnapstheKnytts.knytt.bin,Who kidnaps the Knytts,DrKorbin,Large,Hard,Challenge;Puzzle,2,141490831,Find out who kidnaps the Knytts.,Ending,Die x1006y993;Die x1006y992-1;Die x1006y992-2;Mirani in Lab;Pland in Jail;Kings Audience;KinOldo 1;Mirani 1;GTFO;Mirani 2;GTFO 2;Pland disappears;Mirani survives;Shine Mirani;Hologram;010_end;011_end;100_end;101_end;110_end;111_end;100;000_end;110;010;101;001_end;111;011,iVBORw0KGgoAAAANSUhEUgAAAB4AAAAeBAMAAADJHrORAAAABGdBTUEAALGPC/xhBQAAAAFzUkdCAK7OHOkAAAAJcEhZcwAADsMAAA7DAcdvqGQAAAAhUExURQRqBARhBARlBARzBARcBAgDBdO4mgI3ArNnt4D/AAEiAfFq1ykAAAERSURBVBjTbZFBasMwEEUHiRxgjLqvBNkbRFC3BXnvxoxRsrcPoW0p5AJZ5AC9Z//IMRRabTRvRjP6+iIyzB2RjTESYqIAfqVtBSaTmFNA3KPsmUJ1uXaaIBPYEXPO79yFYAI6M7HLObMmgC6ToiZ0If5T5/SrP+U2n/f51emdzGGTo/fv+qzd9D31H2TXb7wIkcgnNuNx6CgyWnkTbMnjGWCJU1SuQXldrtN0knkdSTnMc+Nl6Rsf1vVayklW1M1/52X5niJY+tT4eIeYWG5TX1W4f3kI7C1fEOhV3+UuFKPcxqbP8AVKrZUyPv2/PEa0FdTVfw8+U1LGXyDlBulCxYubP+r/0Pw77/4P0vyVD8Q/t4BKBcP9esoAAAAASUVORK5CYII=
http://knyttlevels.com/levels/Ania-TheCursedHouse.knytt.bin,The Cursed House,Ania,Small,Easy,Challenge,2,101792,Can you escape from The Cursed House?,Ending,,iVBORw0KGgoAAAANSUhEUgAAAB4AAAAeCAMAAAAM7l6QAAAACXBIWXMAAA7EAAAOxAGVKw4bAAAASFBMVEVbLgBYOR16UCkLBQUcEgM3HABHJAFlMgBgMAA/IAArFgRKNQw5QRIQFiiKUQCmg3Dtwq7dhAB0TCdOTk54amVpUETliQC4bQAqWt+0AAAA4ElEQVQoz7XRCW6EMAwFUFMvwc7CMjPt/W9ah7IFDVKlqh8kEz0lTggEYAYIAUy89ODpTyXUr8pL+Qv3/7n473of/nZ2Zf7JDTMaeeyGyYRVWW56kzYMIO3shgUR7ZYVa/SGNWcahq5hOtgyDs8hNos/6MzjOL7kzIh0cLYrP1E2Zsw21J01i+8MlMuXtecmEd/8ylimIJdzO6uujKVwy8rO643h9HllP9fONE2l3VqdWzkmgAhI7L8lrfez92ZIKfqLpinGtDwN0xK/Edpinm0E3SVRYjxG8HFJN8/zMfoGwKUOwauSSJAAAAAASUVORK5CYII=
http://knyttlevels.com/levels/Farik-TheHunt.knytt.bin,The Hunt,Farik,Medium,Normal,Challenge,1,10389852,Nowhere to hide...,Ending,BoatRide;BoatRide2;Boatright;Boatleft;Island;flower,iVBORw0KGgoAAAANSUhEUgAAAB4AAAAeBAMAAADJHrORAAAABGdBTUEAALGPC/xhBQAAAAFzUkdCAK7OHOkAAAAJcEhZcwAADsMAAA7DAcdvqGQAAAAbUExURUsvEAAAAHRHDGE8CpkAMP///7S0tO0cJP/yAN5AY5oAAACsSURBVBjTnZFBEsIgDEXD9AIEOuoScgJLeoBW0b2H8ACuXLvz2BZooO4c/yLDm5eEGQD8DvzBoMpRFdYhN+nOFQYIyXQuNSSlOfNR5jXAWsS7taz3QY5qnmlJ9XpAS4h1Xze8LR1eQVV+Wto/GjMG8pYah7Rvw2Yh03hgS9ZvPDL7jWdGNHVe83iJ8RrJCc93xN3tJDxi5l54LoyT+D6miEc4c8qk2nvl/PI/H2jBKHgMSDgRAAAAAElFTkSuQmCC
http://knyttlevels.com/levels/AClockWorkLemon-Fear.knytt.bin,Fear,A ClockWork Lemon,Small,Easy,Challenge,2,1363209,Enter the darkness...,Ending,,iVBORw0KGgoAAAANSUhEUgAAACcAAAApAQMAAACMZ6IGAAAABlBMVEUAAAD/AAAb/40iAAAAKklEQVQI12NgoDKQAJN2YPI/iGB8ACYPgMkGvOQfBJuBeBJsMoMDKY4EAMKrC3tOUtd1AAAAAElFTkSuQmCC
http://knyttlevels.com/levels/Dandelion-AHalloweenAdventure.knytt.bin,A Halloween Adventure,Dandelion,Small,Normal,Challenge,2,286950,Save your cat!,Alt ending;Ending,,iVBORw0KGgoAAAANSUhEUgAAAB4AAAAeBAMAAADJHrORAAAAJFBMVEWDPABIIQBVJwBiLQBvMwCWRgA7GwDRYQCjTACxUgC+WADrbAD/8lHaAAAAGHRFWHRTb2Z0d2FyZQBQYWludC5ORVQgdjMuMzap5+IlAAAACXBIWXMAAAsSAAALEgHS3X78AAAAsElEQVQY063RvQnDMBAF4CviAZQivaQJEnkAgzxAGkFaNVrhwKkF9giZwDgreDnr72wFQqp8heHxwEhPYNkHsOIsiJQcrFRZ27ZKcWCy1z3Rse8iSFTKQE65b0zwMN5DzmbMPPXTK9n76R0tRz/PA+JCfciIONT5ua74zxz+/yuX88H38zflfiNU948oB3CPA+ljr27fi7bVOu+rKldwQopbeR8uQs949XwW3MUF6RNt1a1/uFUy7+EAAAAASUVORK5CYII=
http://knyttlevels.com/levels/Comhon-Pixeled.knytt.bin,Pixeled,Comhon,Large,Hard,Misc,2,12581250,One screen adventure (v.2.0),Ending,,iVBORw0KGgoAAAANSUhEUgAAABgAAAAYBAMAAAASWSDLAAAAGFBMVEUIAACAgIAeHh7////TuJrr6+sLER8VIT+etqsSAAAAYUlEQVQY02NQAgJBIADRDAQ4AgyMCA4DAwOcI5aAxGFPcHFAcFhYIHpAJrGzuDiAaAgnAYnDVuDADOcYJAQYIzipyJyEUCRlDKwIjjErVAbsNtZQRmRXI3sB1T9EeRsbBwCW4x/ikS0QIAAAAABJRU5ErkJggg==
http://knyttlevels.com/levels/Diago-TalesofTales.knytt.bin,Tales of Tales,Diago,Small,Easy,Misc,2,1882725,Mish mash of random game ideas,Ending,Chapter1;Chapter2;Chapter3;Chapter4,iVBORw0KGgoAAAANSUhEUgAAAB4AAAAeCAMAAAAM7l6QAAAAM1BMVEUjIyOLi4sODg5vb29UVFQ9PT1fX18AAABCQkIbGxsxMTF8fHyampq0tLSnp6fBwcHW1tbnxmhXAAAAGHRFWHRTb2Z0d2FyZQBQYWludC5ORVQgdjMuMzap5+IlAAAACXBIWXMAAAsRAAALEQF/ZF+RAAABEElEQVQoz3XTSY7FIAwEUDCDzZCQ+5+2yybSR4T2Iou8AoEBx6jitPhQrthXq5zY/pI58dX9zjbrO/3tw5eLDq8V7EP+Mv6XKpIctywnxshyXNvklOh5nnHd3bcWcvyxBUTAY9wdDF1ZPUmicmoMNjsdK7tQY4ytLaRNqanSfWvgOq5cm6J1YifoCvd+a+TAWHsCd4scGItj771FaGGmeRw1GXvf2a38O6/WvEWW7r5Ja0przSKSysaa4BCCRbRFhTZm4xAaRxFthCZWzjlbJMPn7aOdcwbD07vfhWOMWSMS4fXD6jhrPV6J6csYh5vgcO9Qrnzfht3E6Ym0G4enQXo7sLlt37+a09f/mOb0jv8ANKEVQJA1MpkAAAAASUVORK5CYII=
http://knyttlevels.com/levels/Fegon-TempleOfTheSun.knytt.bin,Temple of the Sun v1.02,Fegon,Medium,Normal,Challenge,0,154669,Juni explores the sun temple.,Ending,,iVBORw0KGgoAAAANSUhEUgAAAB4AAAAeBAMAAADJHrORAAAAF3RFWHRTb2Z0d2FyZQBHTERQTkcgdmVyIDMuNHGFpOEAAAASUExURebqzsDIgkdNIY+ZQwAAAP///76sc5gAAACJSURBVBjTndFRCsMgDAbg38HeI/YAY/QAddkFynKAvXj/qyxZE9duFMp+BPkUNSr4du0ZRVAJPSnfUbFKGnBB08SA+txaoqwt/NR1FvPpgPFjqMq0df42he1ss/aLe/6yV6Ph9/4AOye3T5cDHsJ1uUG48J7nfZO9/0z4FKz/81ip8AgR8d8UywsDhx6Dij+FUwAAAABJRU5ErkJggg==
http://knyttlevels.com/levels/Elder-Uthoha.knytt.bin,Uthoha,Elder,Medium,Easy,Environmental,1,1625782,A world...,Ending,,iVBORw0KGgoAAAANSUhEUgAAAB4AAAAeBAMAAADJHrORAAAACXBIWXMAAAsTAAALEwEAmpwYAAAAFVBMVEVHcEwIAADr6+sPIz/YwKbMrYsjQ3/R7htMAAAAAXRSTlMAQObYZgAAAEpJREFUGNNjYBgYICiIwmUUFBRA5huj8hmTRV1Q+ImBjijaE0Nd8Ko3E0W1T1hIAJWvhMYXUkRzLiqfUQk/nwHVOwwMAgz45WkFAKmVBo7qdhLWAAAAAElFTkSuQmCC
http://knyttlevels.com/levels/CreedMalay-TheMidnightWhisker.knytt.bin,The Midnight Whisker,Creed Malay,Small,Easy,Challenge,1,1797804,galactic salvage dirigeable,,Cutscene1,iVBORw0KGgoAAAANSUhEUgAAAB4AAAAeBAMAAADJHrORAAAACXBIWXMAAAsTAAALEwEAmpwYAAAAFVBMVEVHcEwIAADr6+sPIz/YwKbMrYsjQ3/R7htMAAAAAXRSTlMAQObYZgAAAEpJREFUGNNjYBgYICiIwmUUFBRA5huj8hmTRV1Q+ImBjijaE0Nd8Ko3E0W1T1hIAJWvhMYXUkRzLiqfUQk/nwHVOwwMAgz45WkFAKmVBo7qdhLWAAAAAElFTkSuQmCC
http://knyttlevels.com/levels/dessgeega-Torchlight.knytt.bin,Torchlight,dessgeega,Small,Normal,Challenge;Misc,1,59670,"Where there is a light, nearby are shadows.",Ending,,iVBORw0KGgoAAAANSUhEUgAAAB4AAAAeBAMAAADJHrORAAAACXBIWXMAAAsTAAALEwEAmpwYAAAAG1BMVEVRTUUAAACsoXxtZlMyMCz+AAD312vKwqL/so9tjxVuAAAAyElEQVQY032PsQ6CQBBEx+AH3IlE66WghdsfkIQfsMA/gJ6KnsrPdvYAI2jc6l5md2YO9bm5AY1DoiUcQAZwdFBVuOQXb/a9bzi15xIO3ngz2IjzzGalU7NEtLWnU5GctlQSDbm6ICIriyy87L/12ZnnlU/sfp+/hmtcUYZbWJnacZ7ynjVonorNScBaISqc4rrjy7TTJzpbucqHcRyH7LnNzzrry2YaioHcdvYfjRYFsW//cfbN0W/ltqfOhSpWGHxm/Jn+6O8vtUs7mPm9u7YAAAAASUVORK5CYII=
http://knyttlevels.com/levels/Bulbapuck-Emmafelldownawell.knytt.bin,"Emma fell, down a well.",Bulbapuck,Medium,Easy,Environmental,2,1139043,Not too swell...,WhiteEnd;Garden;Ending,Resting,iVBORw0KGgoAAAANSUhEUgAAAB4AAAAeBAMAAADJHrORAAAAF3RFWHRTb2Z0d2FyZQBHTERQTkcgdmVyIDMuNHGFpOEAAAAbUExURQEAABcXFzgZAElJSTMzM2VWRhEbMv+SXmIsDNqG0rcAAACrSURBVBjTtc4xCsMwDAXQ39o0a0QzdCw5QcrPARSiE/gQ7tpCINevnNCAxw6VB+sZ8S2IpH4v70SwWeQmcri0/zYfla9+KpO1ESp3HGubVQYqI2ecDptdcs7RrLizFKk5rws12QSdkwJ4NkBMY8SIBIM262L+PINDmjwe61s6DSxugXP/8g9ad5l39ndgm/c8Yq9IzzMz+k2dqd4jcLRvkYN7MCsb+H7hd38AHWE8koUWS7wAAAAASUVORK5CYII=
http://knyttlevels.com/levels/AClockWorkLemon-ThePortableTimeWarp.knytt.bin,The Portable TimeWarp,A ClockWork Lemon,Small,Normal,Challenge,2,635987,An adventure through time...,Ending,,iVBORw0KGgoAAAANSUhEUgAAAB4AAAAeBAMAAADJHrORAAAACXBIWXMAAAsTAAALEwEAmpwYAAAAJ1BMVEV/f39AQED///9HcEwAAAA8PDz////AwMCgoKD/2AAAAAD/6X9/agALq5b2AAAABXRSTlOAgIAAgJJZmLgAAABoSURBVBjTYzA2z9x5cufJ2XOAcFqwMYOxWVsoDGQkY+GbtjIoKDEwMAgyMkSA1Ft1MTGA+QwCKxYD+cYLmJgUgHxGAQEuYxDfAc5nGeVj4aOFF3p4ooe3WVs5DGCNH/PUnaFQGBZsDABxZkiVnRgX8gAAAABJRU5ErkJggg==
http://knyttlevels.com/levels/BMan-TheGreatRace.knytt.bin,The Great Race,B-Man,Large,Normal,Challenge,1,18186007,Can YOU win the race?,Fake Ending;Temporary Good Ending;Ending,Fake Ending;Temporary Good Ending,iVBORw0KGgoAAAANSUhEUgAAAB4AAAAeBAMAAADJHrORAAAABGdBTUEAALGPC/xhBQAAAAFzUkdCAK7OHOkAAAAYdEVYdFNvZnR3YXJlAFBhaW50Lk5FVCB2My4zNqnn4iUAAAAwUExURQEBAf7+/v/YAP8AAMnJyfLy8ggICNTU1CsrK5iYmERERBgYGHp6era2tuLi4l5eXqkLCmYAAAEKSURBVBjTfdExSgNBFAbgf8hqFrLIe8yOQuw8QYaxMGLiCItRQYil2GTxAgoWFjY5gGAhIogQIQcI6AFyCjsrW8s9gDObMbgKecWDj4F575/BRrXwz2Ze2piK07m1lK4d/lgTTlxjGTzlkTBt8GtpfQGmRkdgVPNuxn0kuAE/Uul2rpYI96hHq8p7RzAzbGQTS95dUK5eFLI6UumsAQGhxPvbhGreYyvchUijgs79vM5+9sC0Qoi/mt5ks97eOp8BuPRewy0OcJo8j+8+y/3cwRQYIP6Y7Ttxw0H9K4Q8u73iSHRRiJC3dZw1pLkemuBt+zQMTzTLP1iWFUOYhW798VZetdn85cX/9w2XdlGXaaJtqQAAAABJRU5ErkJggg==
http://knyttlevels.com/levels/EricColossal-ItWaits.knytt.bin,It Waits,Eric Colossal,Small,Hard,Challenge,0,2983270,For Longer Than You Know,Ending,,iVBORw0KGgoAAAANSUhEUgAAAB4AAAAeBAMAAADJHrORAAAAKlBMVEVHcEwEAgT8/vybmpshIiF0c3QsKiw7PDvU0tTc3txPTk+8vbzn5eeMiowehYAtAAAAAXRSTlMAQObYZgAAANFJREFUGNNdkT0OwjAMhS1xAjckQBFDIyRWurGWBVYqFsZKXKBlY4ULdOACjGwsMLNyKhLHblA9OO+T8+M8A1wqlDArgEGBMYZLuLI81z5vIWc+ll4piKcbJw38HZ67xOwljoTvL5c0FTzrjOReOEE82BuuK+YTNtbaBT6ZP2h9uDVwrol3rdw/IW4L4YQ4U4F1jxPZbwIr5Puw6z+8pwvh0M+b6+PQ76xmTrNoAu0v6dNVx/qLOP2rc9D/op+q9n6K32aTkd8yj/QR5tGfV2+eP8idNqUpAzn4AAAAAElFTkSuQmCC
http://knyttlevels.com/levels/ElGabe-AutumnintoSummer.knytt.bin,Autumn into Summer,El Gabe,Medium,Normal,Environmental;Challenge,0,17827370,A change of seasons.,cutscene2;cutscene;Ending,cutscene2;cutscene,iVBORw0KGgoAAAANSUhEUgAAAB4AAAAeCAMAAAAM7l6QAAAAGXRFWHRTb2Z0d2FyZQBBZG9iZSBJbWFnZVJlYWR5ccllPAAAAAlwSFlzAAALEwAACxMBAJqcGAAAADNQTFRF1koh+unk2VYv8dXI/fXz7Lak4Xla1U8n////55F43m1M88e73GE99uDY6aSO0Zp3yIddc1dYdwAAAPJJREFUKM+9ku2WhSAIRVEBxa/m/Z92BKupxtvP62ohthUOKKTXAafXXjFmd7i0wsAHlVXwDILmVL/CDGDHXIS2wBInHzMtMIFxB2tcIEbwKAPLBWOZilLV452HqbZ2wU5TzNLFzehsZtRZOMoMXvz4BVyyIlPgWOe25yYfFfgdV/Kqo5/SSgXboHxgW8hFOSkypsYoXgsL4m3D/LKEZ93JaQpT4Tv+a4uq1bg2oLs7Jj9h3mRsq3c8ap7aI1NIeO954KkWRmMYN3zc99TD3BAipdAfGENzlgt9HnYLiwv9e4Xup33Ae49OvsSJtlec0jfwLyaOGC8TwggAAAAAAElFTkSuQmCC
http://knyttlevels.com/levels/Fegon-Yggdrasil.knytt.bin,Yggdrasil,Fegon,Medium,Normal,Challange,0,109564,Escape from the abandoned castle.,Ending,,iVBORw0KGgoAAAANSUhEUgAAAB4AAAAeCAMAAAAM7l6QAAAABGdBTUEAALGPC/xhBQAAAAFzUkdCAK7OHOkAAAAzUExURXCCp1+bAH+3Fx9zH1JTU2J2nAgBAjEyNGl9onaHqgBTAIaHhxExEOvr69XAqcyti2JjY5GTytUAAAEaSURBVCjPhZEBdoQgDESJQkIV3b3/aTuTBH1tfd2gkcxnAmr5+jfKB1x4I/9Mv+IBPC17jP5Qpda7Jz7sDpa9JEHB2+rOqHu1KXNRz7AaYZXusPQ7iBVR2Xx2bf5ssad6zP2BG3mjFdsGVR4Ae0Cmu3GJd4b7dZ46DwBshO3CLz3VgoK08jbHbWK6rfogPs1hHCybz28DvL/NvTyNenf1czUPNLdsDQ2nPjSmic25zdc+Dr0+fLrTjvbqvEYRWIjFX0Y0ugvbi2MjRooB86ECiQUAsQDvAlHE8SaVwg5/2aiabD5k4w8DxoyJOPSJc55C4PuCW6aEVNZlWVakNR8rLtdcL1NfpjzWZXLHKIcXI+3LGNln/MHXzPVvdUMSvW9jQCcAAAAASUVORK5CYII=
