http://knyttlevels.com/levels/Dandelion%20-%20Frozen%20Forest.knytt.bin,Frozen Forest,Dandelion,Small,Easy,Environmental,2,8497335,A place of beauty.,Ending,,iVBORw0KGgoAAAANSUhEUgAAAB4AAAAeCAMAAAAM7l6QAAAAGHRFWHRTb2Z0d2FyZQBQYWludC5ORVQgdjMuMzap5+IlAAAACXBIWXMAAAsSAAALEgHS3X78AAAAbFBMVEXs7Ozo6Ojz9PTn7+/w8PC31tbX6OjS5ubN4+Ot0dHb6urg6Ojh4+PG39+sv7/N19i5x8fEz8/T3d2jt7e/29vg7e3Y4uJbV1dJRkZnZmk2MjK7u7txdYLGwN2bs7Phz7zbxKyYsLDifZ/WSXhKTz4fAAABdElEQVQoz13Ri3KDIBAFUDQiWOSpoqbRtMn//2PvLrST9GZEw2EBUXQXTvpAego9LMtCnV0n6NYYk3z/kjqg8GLMB1QhmhoeUFxcFqhRHt0PXcIDMAEqRVEVtX7oX+cB7MyZ2T4sh/3g+cHGjFnpoK0N1s7gHTmKXwRp7jXIupmyris7zU+cc0452PlZeCO/3TSxET2KU7IBMEnKdr9//Tq4Z0alLAzfvtbbXllBvXezlOdTDlJeUc2s1fjOA4V42/8zZv0eil/BOzjnV35Wltfrtq84HQVW6qg8gF0px8sR09aOfCQ/v03+ylz9zltlXjumAK47/+altzWAM+08RjpwhzObznM48eIbMW2c2EcceHDOyYkjJ9JgY/SGOcYQyF1xPIDR670RRaud+E0TvpirLvDOPODzLQVTEp1oGiFGpMGVyo26cHWtqGmqQ/iRFdyhJR/HiuTUkILbjp06q9Kfoq3ARV77/9YqytxS+YvSekXbH3FMK0tmpTpxAAAAAElFTkSuQmCC
http://knyttlevels.com/levels/Kazus%20-%20Parkour.knytt.bin,Parkour,Kazus,Small,Hard,,2,24635,,Ending,,iVBORw0KGgoAAAANSUhEUgAAABgAAAAZCAMAAAAc9R5vAAAAOVBMVEUCAgIoKCgyMjK/v79bW1toaGgdHR10dHQODg6ioqKBgYGMjIzQ0NBMTEyxsbFAQECVlZXg4OD19fVrhoFcAAAA8UlEQVQoz3WSi3LEIAhFUVQEfOb/P7Ykq7u2s3UMDhy4GBKAPyuVifxxXX6OHBpH4muH87wsKVcaGpL3OjcIV2PiguQeV8oGBe3RWHu/PU+4wVUBRnZhuTLeFY+tt1A2E+MGGDNkIG8yjA7iLoVmoeqdmErQDLGuOLXb9oSClEyG+gIqJpS0l0sfP/oFhvfDCHt5pda0AFeOzoruDRFyet/WMQgMek3hGKiKQkOZHNxvQEKpBLGxYk3jBJ3sba1BCljwAM2ZvAt3T9bjI/Wxxk3MMvWoCDsrOS10AD8/V2n1/AGOhuzh+6L8PZ7DPyC9wQ8UmwcfZxcukAAAAABJRU5ErkJggg==
http://knyttlevels.com/levels/Grimwit%20-%20Undergroundv12.knytt.bin,Underground,Grimwit,Small,Normal,Environmental;Challenge,2,2255512,An experiment in enviroment. v1.2,Ending,,iVBORw0KGgoAAAANSUhEUgAAAB4AAAAeCAMAAAAM7l6QAAAAGXRFWHRTb2Z0d2FyZQBBZG9iZSBJbWFnZVJlYWR5ccllPAAAADxQTFRFWCcATyAAEwgBiYuMJhAANBUCtra2XSkAQh0AvL29xMXFqKipnJ2dc3R1MSomZmVlPTg2VVRUIhsYT0hDxBfZIAAAAZ9JREFUKM9lkomOwzAIRH2AMb7t/P+/7pCq2Va1IiXKM8cMuBAo/x4OfL8dvtzPEWFyYl/Z/WDxTBwCe1zIPnj5pjRmjK31Qd5loW8ueWpqSbWkfpDcUeBPfpVUU1I8pRkWT/RP/VatNUbwpIat0SBPX1vTvmiVWjXdGCfQm/ur9JPl0vaPxaO+vGsvLzzLBzYesnHhXQbTSjpneTA8YuPiQixxdYW4EfXBdoFYGP+gqEB3P18Yh/jUAtEme8+9v/GduTajeoWuazv+cnuX1BoMKZPdSC08goVZ/EmldmCNjLtRt8vgt6BM4mHVRFLVleWWjtpEt2CPuY+5mDsKWDRwBZZ8T0zIZktyqsaahiW/sTVsqwOcs6dL65wDDixM7iUMYYyhovicLcZOnsdlzjwjIVuZA0taRKgfWkDpw3N0dyy0BYEBMZXI/tM1YYNjoMWZrtgPOv40dZS61hme9rywMD7k1zK9cVx09jg20oX1yMF0e35tMnxF6+Ncte1tVkm4F5lfviHLGWdrW6evG1vnHp3698B77bOv2O/NF/oDXMsTpTeeyAsAAAAASUVORK5CYII=
http://knyttlevels.com/levels/Headgrinder%20-%20Well%20of%20White%20Waters%20v1%202.knytt.bin,Well of White Waters v1.1 fix,Headgrinder,Small,Easy,Puzzle;Environmental,2,36466,Juni falls into a well full of life.,Ending,,iVBORw0KGgoAAAANSUhEUgAAAB4AAAAeBAMAAADJHrORAAAACXBIWXMAAAsTAAALEwEAmpwYAAAAFVBMVEVHcEwIAADr6+sPIz/YwKbMrYsjQ3/R7htMAAAAAXRSTlMAQObYZgAAAEpJREFUGNNjYBgYICiIwmUUFBRA5huj8hmTRV1Q+ImBjijaE0Nd8Ko3E0W1T1hIAJWvhMYXUkRzLiqfUQk/nwHVOwwMAgz45WkFAKmVBo7qdhLWAAAAAElFTkSuQmCC
http://knyttlevels.com/levels/Green%20Cookie%20-%20The%20Valley.knytt.bin,The Valley,Green Cookie,,,,2,139569,,Ending,,iVBORw0KGgoAAAANSUhEUgAAAB4AAAAeBAMAAADJHrORAAAAFVBMVEUIAAD/6X9/kv/TuJrr6+sLER8VIT9U/XW0AAAAGXRFWHRTb2Z0d2FyZQBQYWludC5ORVQgdjMuNS41SYr84AAAAAlwSFlzAAAOwgAADsIBFShKgAAAAG9JREFUGNOlkLsNwCAMRC8GesQEhgmQWMAFKyQ1TfZfIUrnSxUlcnl+ug9apUMrdGC5guWCjzxAvAKb53dAHK9nGOJ4Xb17XtcYns/3v+ePAPJPUcg/TaH8KRrlB4z4PI3zT+P+EO4vz/7yb7+3+18g9jQhpzghlQAAAABJRU5ErkJggg==
http://knyttlevels.com/levels/Talps%20-%20Petals%20of%20a%20Dying%20Flower1.1.knytt.bin,Petals of a Dying Flower,Talps,Medium,Hard;Very Hard,Challenge,4,12765333,I saw the world...,Ending,,iVBORw0KGgoAAAANSUhEUgAAAB4AAAAeBAMAAADJHrORAAAABGdBTUEAALGPC/xhBQAAAAFzUkdCAK7OHOkAAAAJcEhZcwAADsQAAA7EAZUrDhsAAAASUExURe1BHSdlOQAAAO0dHStZOP/yACvQnXQAAABlSURBVBjTY1BCBQyk85WNDRiYlI2NcPGVFBgYGJiNlHDxFRhYQwNgAph8kHEMjMLGuPhACw0YGAWFlHDyQUARKoCLr6RIiA/RgIOv4gTSACRx8JVUHAWFgFycfEVBIBDCzSc3fgDxXDj7UKUSJwAAAABJRU5ErkJggg==
http://knyttlevels.com/levels/Vonicles92%20-%20Starlight%20v1.2.knytt.bin,Starlight v1.1,Vonicles92,Small,Easy,Environmental,1,3156955,Explore.,Ending,,iVBORw0KGgoAAAANSUhEUgAAAB4AAAAeBAMAAADJHrORAAAABGdBTUEAALGPC/xhBQAAAAFzUkdCAK7OHOkAAAAPUExURSNDfwAAAIAAgP///2QAZG0NjkAAAAAYdEVYdFNvZnR3YXJlAFBhaW50Lk5FVCB2My4zMECERxAAAAB1SURBVBjTnZHbCcAwCEUTXCDSCZoJBCdo6f4zVWMCUfvVSz48Pq5gCnqVVnbVzMAW0mRmslhTyuT7E1uCol/aB/IGQ66PafT9FdsXr2mK9YKNjGfL7kfZXyDMe35E18Z37/1MfKizngAmS8xyE+DFS/84/OcLsrYZWv5gwM4AAAAASUVORK5CYII=
http://knyttlevels.com/levels/Quincent%20Cartographer%20-%20A%20Walk%20at%20Night.knytt.bin,A Walk at Night,Quincent Cartographer,Small,Easy,Environmental,0,4124332,Go for a stroll late in the night.  (v0.1),Ending,,iVBORw0KGgoAAAANSUhEUgAAAB4AAAAeBAMAAADJHrORAAAACXBIWXMAAAsTAAALEwEAmpwYAAAAElBMVEVpU0Z1WkQsIhsuIxsxJRsyJRoRpe1RAAAAe0lEQVQY073LsQ2FMAwEUIcJbD4DJGYBiFkACQagYP9VsAMIxQW/4+QiT3cB+DjsHZ1t0Lx5gMjBnmjHHFEdkILG+gQDIxoQrWfqdaOxBeTMLJLOuVpKRv1fcjkR6ULv7luq+vyrLeI8+X68vNzpnJfZef/nrfZavD8xH6H9K4kp5AEdAAAAAElFTkSuQmCC
http://knyttlevels.com/levels/Comhon%20-%20On%20the%20Treetops%20(Widget).knytt.bin,On the Treetops,Comhon,Medium,Normal,Challenge,2,8848996,Help Juni find her way home.. (Widget's edit),EndingLava;Ending;EndingMushroom;EndingSecretLive,SecretSceneBackToForest;SecretSceneToNewLive;SceneFloatLeft;SceneFloatRight;SceneIslandFloat,iVBORw0KGgoAAAANSUhEUgAAAB8AAAAeCAMAAADjLDWuAAAANlBMVEVKjVkXWyREh1M7f0kAVSEIAAAAZiUpbjcyd0AjZTAAgCIAAAAAbymnh4YlfjfGr66Zc3T///5WeUklAAABGUlEQVQoz4WSi3qDMAiFSSICronr+7/sDgRb17kWrYHzc9OvVKy4Cf1j5T2mD5g+YPDlHablWc3MF/X2oPu+/014YKf9IuHAfN+Z+yWv3pvvgL9xzSP43vvrfpPXluN7j/b1rMNazfVxda611eTntOodIqHllCyvXu418wWxg0+pNXVqClcbwmMF3A02dVJt6j8IID0a8FT8SSo4RIeqSfRWZRFpqZPBVRtDrIgof7OKwdHUydSF0UqxwC2wWOrgZihX/EtkVpvENXXyMDhCY1cxyvyUybGMYDtwvINICS6SOmHWGM6L4CN46Zhs6vT13mhdl5OtR3g4tCy3J76dcyOgDbambdsRPTyK4MDziDtjusG27fl8cX4AxYISHcdoo8IAAAAASUVORK5CYII=
http://knyttlevels.com/levels/James%20Vaughan%20-%20Scarlet%20Tears(dop%20Deni).knytt.bin,Scarlet Tears,James Vaughan,Medium,Hard,Challenge,2,15929482,Sadness reigns.        Scarlet Tears V. 2.0,Ending,Cutscene1;Cutscene4;Cutscene8;Cutscene2;Cutscene6;Cutscene3;Cutscene5;Cutscene7,iVBORw0KGgoAAAANSUhEUgAAAB4AAAAeBAMAAADJHrORAAAAG1BMVEX+AAAAAADsAADPAACnAACFAAC0AACaAABoAAD6HELBAAAAoElEQVQY062QQQrCQAxF/58Muk2m07quUnDZggdowQsouFfoHdz35M4oit1Ws/qfF8gjsPlgWeenR1fgIFxFH110htCZuQsRptCljLLZbGGEplQ2Bm31nrlaSq2h8oWshYhS+cov9fnqkJmfUaM3L9RbP/R15mHKhsp9vct8VDzXCJ5PKQS1F6clL2NxFEuGyr67Du97JWf3A4af/vm3/gAmJCEL2RppoQAAAABJRU5ErkJggg==
http://knyttlevels.com/levels/Bulbapuck%20-%20Emma%20fell%20down%20a%20well.knytt.bin,"Emma fell, down a well.",Bulbapuck,Medium,Easy,Environmental,2,1139044,Not too swell...,WhiteEnd;Garden;Ending,Resting,iVBORw0KGgoAAAANSUhEUgAAAB4AAAAeBAMAAADJHrORAAAAF3RFWHRTb2Z0d2FyZQBHTERQTkcgdmVyIDMuNHGFpOEAAAAbUExURQEAABcXFzgZAElJSTMzM2VWRhEbMv+SXmIsDNqG0rcAAACrSURBVBjTtc4xCsMwDAXQ39o0a0QzdCw5QcrPARSiE/gQ7tpCINevnNCAxw6VB+sZ8S2IpH4v70SwWeQmcri0/zYfla9+KpO1ESp3HGubVQYqI2ecDptdcs7RrLizFKk5rws12QSdkwJ4NkBMY8SIBIM262L+PINDmjwe61s6DSxugXP/8g9ad5l39ndgm/c8Yq9IzzMz+k2dqd4jcLRvkYN7MCsb+H7hd38AHWE8koUWS7wAAAAASUVORK5CYII=
http://knyttlevels.com/levels/Alamaster%20Moody%20-%20The%20Outsider.knytt.bin,The Outsider,Alamaster Moody,Small,Easy,Challenge,1,4869047,Based on HP Lovecraft's story The Outsider,Ending,,iVBORw0KGgoAAAANSUhEUgAAAB4AAAAeCAMAAAAM7l6QAAAACXBIWXMAAAsTAAALEwEAmpwYAAAAmVBMVEUHBgU3My0TEA58dWtlWlF0bWKIf3QDAgIgHBkNCgknIR5BPDUYFBIyLScsJyNZT0dSTEOQhHtoYlhNPjRlVEepmoxBOi2bloubjoJIRTlbVU1MRz+yo5ZZSDzgzr+FfWi5qZtsa11xY1qloJfDvbVeXkqyrqbBsqV/bWJ6fnCNjIPMuqvVw7bS0sp5ZVTs281VVkVmaU/26dxdvvSVAAACmUlEQVQozyVT17bkIAyjDwkJEEJ67236/3/ccmc5vMlGsiwA96WUIYRSKKIIzag2RutK8gAhKYHvS1FSTGmS932fRCyPMhZNtIQo4CGQvqoTTVjS3tv7tdVJzrKIZZgoikMfhJC9MCxo197vW1/XeYQdykiTzGsZgFCzO4E6LK++r93jDqTjqYv5Mc8GgXBJWiIGqDHL67pnBFNlKcePac1jBPyufVFRCW2S63LExFgzpnH3eUbWRwD2rxeBEJLNcSdRRlRsG72uXZcoDsDQtt8ofS/91rb3hGEtYpviOYqyKAUAvPvXd1vey9Ve1zZlpAjJKFVHciyQ54Hl/v1eNE3rq31t6zqk1W5T0zEseMARYO3rVbPP0rH5sU5YFFluTIQJEdy5Ah7f9p5HUZLT6bGymA/rykYlSlyiAAFgWF93z0aMQ0VJDCszzysOi88AA89JC1CXPxuPWwZlCpWu8scjCy2pOEcOh9D1xuLodEE/ixrPYf5O4cAgD50yUNLOxmSap0W8P5+qOs7H4ywqEUoPBTdw5lmdndnJzsh8PsVynGt2LGkKgScd95A5K3c6zfOUi7dVx0HxcQzvQiJwuwFhnrttYh03cdzsMS8GZgZ6GOFMczA0+1ItSpVvKZ+NzxF30TLGlPwHl9eWrYzthBb6Gfs+4oodRfGWznBwA9qF4Mz3khKtnqmbptoxrcIQualcd7G3vbkiPBOsbSVEgcfOaOnLP88ct9qmqo5ook5lXdJ3WhIV+v+Zb0DKfYxHJ9uHsSXEJR7vDXJ+O9Rz10OcB4HnlMi0GWl2WOsHvkNvvwoPoMAdDkMeW0sotZBz1wx+Fe4vcZdEISodkqcjH7nn/W369oOFzwPfnT+GuAl9/48w+HW7bf8DBlZCgOTxWuYAAAAASUVORK5CYII=
http://knyttlevels.com/levels/Farik%20-%20Harvest.knytt.bin,Harvest,Farik,Medium,Normal,Challenge,1,9669417,"Farming opera, baby!",Ending,chaptertwo;chapterthree;chapterfour;chapterfive;rico;ricorosa;doyle;finalchapter,iVBORw0KGgoAAAANSUhEUgAAABkAAAAYBAMAAAD9m0v1AAAACXBIWXMAAA7DAAAOwwHHb6hkAAAAElBMVEWZ2eqcWjz///9yQi4rpAIAgAAhYZRNAAAAYklEQVQY02NgIAiUgABEMwFpBSUlKBdMKyDLKUFoBUydEIAqRw5gBWIHBNeFgQVJMsTFBVlpiAOyThYG3DwXZJWMxsYIjrGxoKCxAYTNbCwI5AkKg7kgFhiAuBCOIQgZGwAAFA0MW8UdbFUAAAAASUVORK5CYII=
http://knyttlevels.com/levels/Strange%20Darkness%20-%20When%20we're%20dead%20(fixed).knytt.bin,Parasite Trilogy: When we're dead,Strange Darkness,Small,Easy,Challenge,2,20205617,,Ending,It begins;I hunger;the second kill;departure,iVBORw0KGgoAAAANSUhEUgAAAGMAAABjCAMAAAC45U6nAAAABGdBTUEAALGPC/xhBQAAAAFzUkdCAK7OHOkAAAAZdEVYdFNvZnR3YXJlAFBhaW50Lk5FVCB2My41LjbQg61aAAAACXBIWXMAAA7DAAAOwwHHb6hkAAAATlBMVEX1+P1XWU8yNztdX1Vpa2BwcWZ3eGz09/z2+f7///9jZVqAgXZRU0lIS0U9QT4mLC6IjIHh5+7I0N1BSV2nrtVocplJVX6Un5quubd+hLnQqXOGAAAHq0lEQVRo3u2Z6XbqOgyF48jTkQechPH9X/RuOaEFSsBQzo+71nFHoPUXTVty6P78/dX9Y/xj/GP8Y/x/GG51de8sd/UD6zHjPUjXefn03jUxXod4573sL1+Ndjyh/HzVuZkgKPnRYMfLDDHFVxP82ZBfMu46q0LmVS/jqa9eD7e/WPh/32DHuiVuFdFdGPIrhptDfPvcEorfMVxLcXTfAXnLDvc405bL/7bkeX28HHl/mcCtdnwZU398P3YtrJcYy75tVeMvHzQy6t7DeNrtsXa77dDAcedEa4w5vu+nacp9P6W+z/h157xrCI17xVdu3/ebr9XnPA2usZm8wph374WFb9OhVctmxtAQDzD6ryVOK20N0bk2OyQe0y3DtgT99XjUzbM4Cp+6tbu3M6bKAEEYSK6J/wpjdlKfN33KfaJWjWlmbCUeefbVJicJSGuTbGRsp5wqo5ZG7qP8Nh3bIE2MYY9dk8QjbTJs2GSVpFr6aXQfYsBNOVKUUMeeOMWcY2XAptIQlIa55NRvKJEwEhYpISx2wDIePsA45Z5VTDr1OVFKGRyFj1wFBW6jwT1pjGfGqpqMhz4ZpaKJKWdSqAwAqNoh0QeZ7ver5pnaDUc4x0SlsV3qY0TEY1SpIvoMNoITXLc+sz7t594dD1lFYoJTDrBEUVZaqYRgpHECNybK6Yjh0K3OX8961HicksKueWOc28UUKTNpBSuy8wNeQy4gDwb/aMZ7zBgOyUSCozalSm/MGsHXCn6SdBooqsgcU33VrTX2a8Zt5Hc9/MScNnaW3tgvjJzRaZ3fUtS4hqwHv1Imz7V9ylYrkza0yDt2i8JAGtem4ndsNbOiMo7jdzW6q4PCd4+6MeG0kxFkUliU++VJEzNpSgZhTvOoFawmJSGZYppGfyZcQVbt2JNobJYK4JjH6u0Tp2Rw2XBeSkeZS7ZWASf5m/BkGO45zK/m1T7N7QLCwSjrKluseq2TpQjJUgqGj4FRkdVWpXUs3zrsLg9VPxizzwZOmYhYs46KscfxtEdtR20NYTekk1JlpylHrS3ZYEmbGA63dswz74odI5SJQbBsDEVKohm5V8EEa6xFIUbRR9Q8B/wJnlTaKLsyDV0xhgsG5EOzwRVao+M8U5Ex2kg4NEsfhCcZaWWsxjdlLJlyh+FX47HV0cBTJsAVNjKJbyhaG4wxHOUB0ok1oeaVCQEONLik4u4cd9YZHA0bHaxC/hvWcBbiwiGIWyLKTiBSnwlmABytJNwPO7zUkF+pD9iBcMNRKgQtOyYYw4g4tkQolASdWZ6Fr0wQJ1qmO4wHuSu+QsRNIFw5B4k7egbcAV4SuVWij9jX4Ak4VMNedc34PnfeMBZruhH/oeWiUdeBCJdpWLGGm6QBSu4a8SSir5RVEiMwLuJxeR9gzY6hSgYSX5UDrGGSMCs2SmYeNA3ESFzHEnBkH162JppS6+PmzLle54ZTLUFGYgXUB+qdGDFCYVLERWPAgn5oPf+NWAMFCP5c45f3GlYZO4lvmBeaoCxkmkQkkmUb6+iTkdjwExBINWE4d3k2f8rAFVchwlXWznocx53JkloQPxLEQVyq0lzwIp5zDfofa03bMXx+LWxoZyVXktHwi5gxQnjdbnNxfqPR3d6TeWiHGyZR3Y0Mn0o60uzAhIKBKUiuUA8+e+guJrq+PxyPc5fyvp2xzLlIH+TToVscCAbKBWXfS69wJ/gSwxalMlvwBgP+jhBeZjOcGZog5TLP1XauFfRQ6ZSGK4G6y1idEnckogq9qzEKUClGyVm0RswlW5Ep6Bkl7S/6xYt2AKIsstdoO6Lr6WSkn5DUdXAnFDeCwzrH4Yd+vMIY0R2kL3EBKEHKJehiGVkpRUsijOfe5N9jwEEmFAAsxDBCJcnaWt1ouNKdjIWwzHc71hAN90sOAd6CdCt0PXSiJGLO6JKIO2AIPy13nH7B8MciEUFrQrAhx7h0kskOm6MN4rzwNfG8z5ARZ25/6LMAwHdiiYHriHLW7gmhidH5YScdEX6xooEIAUdhYBjKB9c9QzTZgZF1hK/QPqxIMQpGo2nELIdBv9wJ87+0QyI6gKENOm+xCA8F6YmYR7unjmpizNcJBtp3KcUUI5YQclePLYRHjKtji9iBzluKjD9IABKJN79l3ExjCyPYxMJA48U8cvbVm4zbgW/EtiSnmVAwoch0FSvjXTvunCKEEVnPw+48OWBwP7qn+99n3L+jPmJclwEbX3V0hyhWhn+DsXZHYgslhN5y1VwxBANiOSxvcb3EWL0XjJYX60pxGUMw1lVG9ylG59HzxFt28ZjF0eE9xoOb2tuiJGdRhKHogCFIGJgUXvXVo7td6OUBZa4hJCh0hX4oDP96zB/cg8KhNjDqvBxgiaWAwRSM7rMMTcWKmBQpdii9jA3FfZDR+VNBhRdRk1mwhGE/zUA8xIbZEBysKqN7vc7XEf5kZdCyAsAHjiSIuTDc3antQV49WCcc8bW4CR2knklQ57ZOuX5lAr3HeHyfdodslUNPQQ+Ucz98BcOWs0D3MQbOmLBECh0NHeN7tGF+f/1DDC8MRAPnBHDkoInjeGV8vU339dbpo3h0jxnEBU5CwHHcxVBtZ1+5y4PySr/68x+42u8o1nE6bQAAAABJRU5ErkJggg==
http://knyttlevels.com/levels/Si%20-%20Revelation.knytt.bin,Revelation,Si,Medium,Very Hard,Challenge,1,26997839,A Tale of Dangerous Science,Ending,,iVBORw0KGgoAAAANSUhEUgAAAB4AAAAeCAMAAAAM7l6QAAAACXBIWXMAAAsTAAALEwEAmpwYAAAAM1BMVEUAAAA/Pz+9vb2srKzNzc309PQPDw////+IiIhVVVUjIyN2dnbi4uKVlZVnZ2dMTEweHh69BD2LAAAAwUlEQVQoz6XRWQ6EIBAE0GJtmk3vf9qhXSYTQJKJ9dX6gpQAWgZvOW9uxQkxP7PzgNePHCAp8jBuAlksqY6cMgMXXFEuAf0m2G8+pm+JfLZFl+ZGKoQ6ZfgAbu932ClLEhnp8sQoSrrWzWGZDS9jW7QMLJPqmQybo2Eg5usGfjk0OBlYcLJLPs6DB5aLvg6ULMZqdF9qIDVy0Ne3oxz1yJXqMRmKMwZpRMbkp08u5Ft5Tdna1DNHePZtteKW+NeFfACMmQuPvBBSVwAAAABJRU5ErkJggg==
http://knyttlevels.com/levels/Nifflas%20-%20This%20Level%20is%20Unfinished.knytt.bin,This Level is Unfinished,Nifflas,Small,Easy;Hard,Challenge;Environmental,0,2672577,The author simply lost his interest.,Ending,Wallblast,H4sIAAAAAAAAA+sM8HPn5ZLiYmBg4PX0cAkC0nIgzMEMJHnexU0AUpwFHpHFQLFDIMyYd6HUDihoE+AT4upe4MNALmhf/+8akBIuCfILZpgjWy3gH8tunO+m2jHp/m6bLxelcu2agdKrPF0cQzTOP52UzcesyNHiKHL0+6m/76PufrmeVd0w7ciRJ8Y8xhwf9FOrfzixdkZlf/NJ/rZ3ZdZH9Veb21et1pKVY2kxD/O1LmNqWHXdtN8ygb3OK9zczSajmMF6tvKP5Zt4vx2bUHQzJ7Kwz2rDbPNbv922x0S+40zWOn/H5u62Fkl1rj9HKm4f6Nn07Llu/6YgjcXnOoNv6kqf1HHe/NLp2YztnSWdR75Uzj3458z+WsbOm2zuZ7pXLQB5ztPVz2WdU0ITAEyIk65fAQAA
http://knyttlevels.com/levels/Alleecat%20-%20Eden(Best%20Version)%20.knytt.bin,Eden,Alleecat,Small,Easy,Environmental;Playground,1,73883,It aint as tranquil as it looks,Ending,,iVBORw0KGgoAAAANSUhEUgAAAB4AAAAeBAMAAADJHrORAAAACXBIWXMAAAsTAAALEwEAmpwYAAAAFVBMVEVHcEwIAADr6+sPIz/YwKbMrYsjQ3/R7htMAAAAAXRSTlMAQObYZgAAAEpJREFUGNNjYBgYICiIwmUUFBRA5huj8hmTRV1Q+ImBjijaE0Nd8Ko3E0W1T1hIAJWvhMYXUkRzLiqfUQk/nwHVOwwMAgz45WkFAKmVBo7qdhLWAAAAAElFTkSuQmCC
http://knyttlevels.com/levels/ITA84%20-%20Temp%20II.knytt.bin,Temp II,ITA84,Small,Easy,Environmental,2,439026,A prequel to Temp,,Scene1;Scene2,iVBORw0KGgoAAAANSUhEUgAAAB4AAAAeCAMAAAAM7l6QAAAAGHRFWHRTb2Z0d2FyZQBQYWludC5ORVQgdjMuMTBysiWSAAAAM1BMVEXz85wLCwaVlV5ERCozMyB4eEyzs3Dz85UAAAAcHBFcXDrExHuiomZRUTKKilfPz4NnZ0HlRHuqAAAAS0lEQVQoz2Pg4GDk5GRhYeblEmBl5WPiYWPj5meHA4YhKc3AgF83LmkGCADqxyHNDoXYpdnhkP66EQCH4XilCfmbGN10kMYHhq00AMUNGCEk7SBFAAAAAElFTkSuQmCC
http://knyttlevels.com/levels/Sean%20Bell%20-%20Juni%20Goes%20Home.knytt.bin,Juni Goes Home,Sean Bell,,,,1,3827752,,Ending,,iVBORw0KGgoAAAANSUhEUgAAAB4AAAAeCAMAAAAM7l6QAAAACXBIWXMAAAsTAAALEwEAmpwYAAAANlBMVEUAAADy8vNFRUZcXFwcHBzn5+f6+vv///8KCgsSEhMrKyzc3N26urrS0tNubm9/f3+jo6OPj5AHrE9XAAABD0lEQVQoz82S227EIAxEY4MBG3PJ//9sB3YbdbuXt0odPwRxmLGJOI5/JD1ijB+x2XtsOqO+RgXmqK28cRYe54geX3MN02UGl/M5HamjSiURz3k8+VW7bFWRlH7PboXnjbZKKZ8P8x4l4rqdNhzGItd4ZVUsxSzQSnbm0zPrBke5i4P5apzOwCZ56N698Ll6V/T1EHrKXn5gLUwkrTZKRO6YrdkdK6oo+sI8eIJTAo4b4L5bA25hyHNKG+/tbzxJyC1wGHesD7gicmB6DjknVL3cWERDP+ocmPsVvg6spwNhs7VgoTPjHM56BMerun26NGnLi3ARouzLpAtHizZrSm3gh/SOq6PaLfXIH/Wn+AuKzBBMTgJVOwAAAABJRU5ErkJggg==
http://knyttlevels.com/levels/Gorfinhofin%20-%20The%20Storms%20Coming.knytt.bin,The Storm's Coming,Gorfinhofin,Medium,Hard,Challenge,2,12317401,...and Juni must stop it.,Seaweed;Ending,Machintheft;Thunder;Seaweed,iVBORw0KGgoAAAANSUhEUgAAAB4AAAAeBAMAAADJHrORAAAABGdBTUEAALGPC/xhBQAAAAFzUkdCAK7OHOkAAAAJcEhZcwAACxMAAAsTAQCanBgAAAAPUExURYCAgEFBQWVlmlJSUmxsbIS/BkkAAACESURBVBjTnZEBDoAgCEXpBokn8AiNDtAW9z9T8JXM1lZL5/D5P8iU0jjoB89Etmxv0Zn6mFwZmUaeXzjrLV+2AFX1+1bVfXUUWZyzxWyaJO79isjZb3EBEczYcT1sfoaIfMglbNSyqyH8YQBfy9f8Zgg/t9n7Oe0P78vpYsf9qFa+/c8Bhg0c9nm9IyUAAAAASUVORK5CYII=
http://knyttlevels.com/levels/Kyodo%20-%20Don't%20Stop%20Running.knytt.bin,Don't Stop Running!,Kyodo,Small,Hard,Challenge,2,8795348,Or else.,Ending,,iVBORw0KGgoAAAANSUhEUgAAAB4AAAAeBAMAAADJHrORAAAAG1BMVEUAAAD///+AgID/3wAAgP+ZM///AAAA/yD/gABDFIHiAAAAlElEQVQY052RMQ4CIRBF5wp/V9dt5QaGE5hwAQsOYENvRW3Hsf0DZI2Aa+IkE/KSF4b5CD5L2IFt2a7wEu6Y7QUHdx2xoZ/oR/oeMpkz1vTEKT5w9LeO6YM+6EP9br7k2o6e3w/Fn1wu+s7AHv94X7uPr7vqzgbCDHIWmgmz6Zi+o2/pB/WRc9a8NfcR53+y9d/a+S/+Dy7jO6fPPwAAAABJRU5ErkJggg==
http://knyttlevels.com/levels/Ghormak%20-%20Rain.knytt.bin,Rain 1.03,Ghormak,Small,Normal,Misc,0,4581479,How to spend a rainy day.,Ending,,iVBORw0KGgoAAAANSUhEUgAAAB4AAAAeBAMAAADJHrORAAAACXBIWXMAAArwAAAK8AFCrDSYAAAAJFBMVEVeb31seYprg41geYJbaHhxjJByfouNmKR9dG+Mgn5MVVxPWWEbasIxAAAAyklEQVQY043QOwrDMAwGYB9BYIMzCpQDFHqLdjHV0FWQDKGTITlIIB183Fp2g5NORYP4/PshbBw4WMDtZRyc6k8DzbYZmNlys2WkEBCrPQQmQhuzfcmJLoi0584+8/6jgy2mr5mL0PbFlkO1nih5QBngGhhLPuvrgtznfNGcAtEgx/2ExVCtSVTX+7NRRNo8Oms27PPodJK7V3soK+ro9/+JTn7+T0bfvADIeMrzewdP2yoyiaTsd+q2lNIkaZ1S6sztXutVu+HHqT7HSEd8Cy9T5QAAAABJRU5ErkJggg==
http://knyttlevels.com/levels/Joshua%20Green%20(Roshajosh)%20-%20Plotless.knytt.bin,Plotless,Joshua Green,Small,Normal,Challenge,0,284050,It's also Description-less.,Paper;Kyra;Light;Elsewhere;Ending,Bird;Book,iVBORw0KGgoAAAANSUhEUgAAAB4AAAAeBAMAAADJHrORAAAACXBIWXMAAAsTAAALEwEAmpwYAAAAJFBMVEVHcEzbtLQIAAAAAACkl4++oZ3HdZ/Tt5rr6+sPIz8jQ39uUkkk4SNYAAAAAXRSTlMAQObYZgAAANZJREFUGNN9kS8PwjAQxZdOIS8MhSE1g6ktHfXNbnhS+gkg88zgUegqNJ+Uay8s6wQ1vV/fe73+ybLFUErVschVLAFgHbHhqkUDwRAQO1oHNOs4IfYk5IYW6qwpEDY2BFtTdEo1CAXGjfMLtNj1pugtdzx2IXpGy32pMVDW/TC23m6csxODIt2p6cxHsI4GB4Tc0dH17XRlUUpJEX3VzCsfWA96YHvlHyNflu1VWe7m71GVQZ+xvyd8+IyJX/hn8p7ivWD/Sv1yn3C2f/1nIdMPE4sPTPUvxYAouIF1ZVEAAAAASUVORK5CYII=
http://knyttlevels.com/levels/gamerjc21%20-%20The%20Gate%20of%20FourKey.knytt.bin,The Gate of FourKey,gamerjc21,Large,Hard,Challenge,2,33239172,Obtain all four keys!,Ending,,iVBORw0KGgoAAAANSUhEUgAAABQAAAAUBAMAAAB/pwA+AAAAJFBMVEUIAgDr6+u1GBR+FLUUXrW1pRSZLNcsftfPvifPKyfsO0PszjveQA7AAAAAdUlEQVQI103PzQ2AIAwF4IcHfy91A8IEJCzggQG4dAVXcAVXcFtLKcaGw5fXRwLYv4EcdNKZnHEEIupGmVKKlbiy5MoJOKwgzDkfWrhZcuUMFCtsADMXLTxBcuUCeCusjkII3ujhlYMUqFHWzljfS+3a/xd9XpUsEQb6LPc3AAAAAElFTkSuQmCC
http://knyttlevels.com/levels/B%20Man%20-%20Monocromatica%20Grotta.knytt.bin,Monocromatica Grotta,B Man,Small,Very Hard,Challenge,0,33341,Courage is not the absence of fear.,Ending,,iVBORw0KGgoAAAANSUhEUgAAAB4AAAAeBAMAAADJHrORAAAABGdBTUEAALGPC/xhBQAAAAFzUkdCAK7OHOkAAAAYdEVYdFNvZnR3YXJlAFBhaW50Lk5FVCB2My4yMreRF30AAAAJcEhZcwAADsMAAA7DAcdvqGQAAAAPUExURf///wgAAJQ7O65GRtvb2wpGpnAAAABaSURBVBjTY2AYHIARhSPAICLAIIjgOwL5QAIORAQFBYEqEAqMjY0NkQ0wNkDmMwoaMzIbIswTcVQSFFJ0EUDIKykqKQoiaVBSUlJkwM1Hsx/dfejuR/cfHQEA9OoHm6iZcRMAAAAASUVORK5CYII=
http://knyttlevels.com/levels/Eric%20Colossal%20-%20It%20Waits.knytt.bin,It Waits,Eric Colossal,Small,Medium,,0,2983263,For Longer Than You Know,Ending,,iVBORw0KGgoAAAANSUhEUgAAAB4AAAAeBAMAAADJHrORAAAAKlBMVEVHcEwEAgT8/vybmpshIiF0c3QsKiw7PDvU0tTc3txPTk+8vbzn5eeMiowehYAtAAAAAXRSTlMAQObYZgAAANFJREFUGNNdkT0OwjAMhS1xAjckQBFDIyRWurGWBVYqFsZKXKBlY4ULdOACjGwsMLNyKhLHblA9OO+T8+M8A1wqlDArgEGBMYZLuLI81z5vIWc+ll4piKcbJw38HZ67xOwljoTvL5c0FTzrjOReOEE82BuuK+YTNtbaBT6ZP2h9uDVwrol3rdw/IW4L4YQ4U4F1jxPZbwIr5Puw6z+8pwvh0M+b6+PQ76xmTrNoAu0v6dNVx/qLOP2rc9D/op+q9n6K32aTkd8yj/QR5tGfV2+eP8idNqUpAzn4AAAAAElFTkSuQmCC
http://knyttlevels.com/levels/Jerom%20-%20Marine%20(warp%20and%20void%20fixed).knytt.bin,Jerom,Marine,Medium,Normal;Lunatic,Misc,1,4277890,"Juni is a castaway, but a mysterious submarine is near...",War;Ending,Code;Diary1;Crow's nest1;Crow's nest2;Diary2,iVBORw0KGgoAAAANSUhEUgAAAB4AAAAeBAMAAADJHrORAAAAGXRFWHRTb2Z0d2FyZQBBZG9iZSBJbWFnZVJlYWR5ccllPAAAACdQTFRFCSAhEDc3DjIzETs8CykqQHd5AAAANWNlLFFSAgfMhKipbIqKAga+IiDZtwAAARBJREFUGNNdjDFrg0AYht9B3G1ofoCEmxOOOks4/AMSZ436xpROpVRI1hKE7ILQOUN+QJbuhUJ+VL9LjoJ97g7uuedTaK2zUv8BHaVZGaUTB4JpkRXTInBATia2CBYTu1EHj9aD2nUGipQHOg8Vz2euQwdCbtr2xIc7FG/JHUP1KlU9Q23et/3mtFb2E7WCajkM3N1/wFR8Owz9fr201E9I2u3PZ7+vkrfZ0pQpko7XK49VUi3NrNZImsvLd3OpjKXUMDySHW9qauvNV3dwLv0jYdexMo2JjSc9h0/mABHHsXTPwyG3dw+AdCHKcSOGdPjzKPfn9xfb/VzcTZSj+VvnGKzGQI9BlI4WonK0/s//AnbxcThaIbbIAAAAAElFTkSuQmCC
http://knyttlevels.com/levels/Drakkan%20-%20Wild%20Knytt%20rev.knytt.bin,Wild Knytt,Drakkan,Large,Hard,Challenge,1,7547702,... really lost   version 2.0 FINAL,Ending,,iVBORw0KGgoAAAANSUhEUgAAAB4AAAAeCAMAAAAM7l6QAAAACXBIWXMAAAsTAAALEwEAmpwYAAADAFBMVEX///w0JSGmOxz+//71+/NBVlwgLS2lOBmVMxr6//gnRE47PTobKitKbnx1JxeBJxI4QExwKRWELxlKOS6GV1aHMBVTOCqob2i2aF4aMT9VKh4+Ixrw+vREa3mOLxcrMzWklpabrb66lIpzeX2zg3chP0n+//qfLBMXIyaLJxSiYT7Le1Y5XmsMGxt5LRl1MRzPzMwqVmry3dFWTVFjIg+wTCDw+/VSZGn7//wdIyTz/foVIiURHSEoLSpBOi9VW1plgZFIS05OVFTy/PdLa3hfeoswJyQXHR83JSEzMSsoJiNNQDZfcn+oel91IxHu+PQ0VF8oQ08zR08tMS4qPUVIMytzY1a8c12OZl2sl5aWbVeCKxOrPBh+hYrXemN4d3m6bWJjW1NdWFOkdF0qHxseLS1XcHxQNypziJjy+fIYMkCZcl4iND86Ny5pJxVUaXaFJRDWQRdfaXGygGTp9fL6//okHh9sXVOJaFhXdYx+ZFMzQkjIgGGJblyvc16DbmZ7aGBneYTK0dA7SVWOLxW5ORrDRh+eSilxOCG0lJDkeGDv9/F7kp3SkGd0aWtjbnbklWr3/fauaF2Cd3Xac2HQdGSjra7d7+zqsJw+LypbOCtwgo5cJRlMST+Vi497VEltUkvtg2OZKxQ/Q0SqKA9/hpCyeWAtOTstTFdbQi2/hGCfPh3kgmHx5dmeaVnNRBiUTS2xeW2ytbvSSx+XorDGOxfYnpFxc3bIiGOcdnHNgF/z4s+cdmKJiZC4eGfIl3yHlp3a39zbjWtIYGUeHB/i9PX4yqDS2NwnNC/x1b7Ot7WfLxXFe2XWgWh9XU2oVTY5UVj0x6fCaFu13ebdo5LAn5luSjpwZGAwWW/pXiPZ1tLFWDLtkGTPWyzU6+rDd2ujin1qamfRraLAgm9rc3LVpIFneHlEUEqZusbx8u2Dn6a6pJ1YcoWhy9yCUECNcXCQVkA2Q1ODprfdu7eFRi/dxcS1r6OLTSbUnJZ4LxO2Wy+tYz+nhW3EY0DChGmVbGqGIe1AAAAAOHRSTlO//Pi/v/z48O6/8Prw8Pzw8PDw+/r38Prw8Pj48Pjy8Pj48PD48LTw8PDw8PDw8OHw8PDw8PC08Jm5v1wAAAOBSURBVCjPYzBjAQNOMGDgZGAGAgYYUGOYNt3KvzszM9N5IhCUWpSiAgbznoPTS0DA39nZv2T3WisrZ2crEHAGAhkG5cPPDty6N3360aP3Nk2b9ujiybX+/pmZL7v9gaBbhkFlcv+Tp02XL7998arnwIFvF48dO3nr+PGmpoMH1+7ebcQgfuhx387OLVsyHIAgo+f1jBkzTk3b8klx06nPX5sMGCSmTumK+79RJb6ystLVwWH20nmdkZHzMnr2Rl59tEmRQWJSwtSu+335Pj5pb1yBAKhi9uylnT+uRipERiowSCQkTJ0yZWpfflF/fr7Pm0pX18bZsUv3dm67AoRKDCKTJk0CqhAXv3/28WSXtDQfH5/t8Y17Y0FgnhKDscilKXH79sXF1fw7u7HIxSW/aPuz/v4HT/fvf9DYqMwg4LhAZN2uNV1rzmQvO7Oxvv79zp2TtxcVxU+Oj/dx4WUQ+NjczBoRF15Xt+5S18KFC++s+Xc9Yt+h3v3xLmlAaa6g5gv2FXV14VENEQnhQLDrTkOz/Z5DEyY8cQFJBwYGJUUkL9tRXN9Qm5yc7btsV/aKgMPFEybU37ihA5K+kBiVvaqmxrfhenayb3HxjlX2AawPd/T+eRhgyKAK1O2UVF5RVRERllSb7Ou7qre3+HBAgL3vnj19rAySWSFBjk7PnZISyxPLa6MqKtZFRfmGsQYEXHCyr9UGSueEODo5BgHVOIZVVYWFhSWd+/03yt7JnnVFlRaDwOLqxdXVIdWOi7NyFpwrT7RP/HD77t3b5+c72TtyyzOIXbvmzb18eU5OTlZWyPz5c+e+O7/hy4b29nbvkJDlQOlf31d62nra2eXm5gZ7r0yflW4XDOQC6eDUVB4G05sbVsbEtHTY5XrPtQu1szuReiI42BYIPGe62fIwiHW0xxRubW3pCA31DpWatcDbbaZ3rqfHTA+P0FA7bgbp6LatmzffLCyM8fDy8vCydStz8ww+UubmZgkEPAxCMauXFLZtLYxZv9rGxsbS8og7UNjGxt0aBDQYOH7mFcS0tW5ev74t3c3Sxh0IgNKpnmVllu7WugwmeX4tfnl+BQUtp1tX882Zk2JtY22ZauuVkuJlmSLFwFfg5xcdHe3nt2jRkiWnFxVE50kDHZHikcc3pyNajoGDX0iQX52dX1OOg52d3RSI5diBLA4OIUE9QX0AmTGD1CdShZYAAAAASUVORK5CYII=
http://knyttlevels.com/levels/Eris%20Constance%20-%20I%20Lost%20My%20Cat%20(V2.0).knytt.bin.knytt.bin.knytt.bin,I Lost My Cat,Eris Constance,Small,Easy,Environmental,4,5520203,Juni has lost her cat.,Ending,,iVBORw0KGgoAAAANSUhEUgAAAB4AAAAeBAMAAADJHrORAAAACXBIWXMAAAsTAAALEwEAmpwYAAAAKlBMVEVMTEyYl5U7PT0uNDgIAAAAAAAUFBaTfF15dnS3razYwKZeWVRcWVlmbXL2jpUDAAAA90lEQVQY032RMY7CMBBFRyGitxT61YiSDg6QBLOKAoUlMsWKJkWEuAF9tAVlmqyUgi4VV+AIpNgj7WRsIGn2S7b8NN9j+xsQ3kI3/uUPu1ZWgJ7lEkVQV2LwSsqyJRHUtTWURCT8Vbm64+Z3VG+aytfhkHOtNfNSBNefaTHkY74ubm3v5/M2BIj7NI0RZX+mmdfprXW86/gNe+e3TPS5ajeu32rB75oV38o4xp5PwtI/lvolMu7+wjqJDDzP40wSroMKlAqiALrukVy2BoKIkfNiW6bvBmKcx31enKkPBwOhHz7z9jUzo/BxLDiPJVlKgJPXN3mD+Q/qAV8Ehy+TEgAAAABJRU5ErkJggg==
http://knyttlevels.com/levels/Jigganis%20-%20The%20Seashell%20v.9000.2.knytt.bin,The Seashell,Jigganis,Medium,Normal,Challenge,1,427778,Stop and smell the roses.,Bonus;Ending;whydidyoudothatEnding,whydidyoudothatEnding,iVBORw0KGgoAAAANSUhEUgAAAB4AAAAeBAMAAADJHrORAAAAD1BMVEWCmtu8yu3////f5vd1iuy4u2IIAAAAkUlEQVQY04WRwRHEIAhFsYN8bECZbSBjBzvpv6aAopHsYT35vk9xgCQu+mVwZK7Qxc9531RMrq7y6351TmZei0s6RT7XdzEaB84NwUc7eXuvpNawCg4ewuTswmAhuDB5Cs6FkLvgLGQBRkHjogFUmGxByhsPQyqvfprBwlt/1bDOPf0uCYE1OOI86MX983/mdwNdOTacLbXyuAAAAABJRU5ErkJggg==
http://knyttlevels.com/levels/Momruoy%20-%20Infestation%20v1.1.knytt.bin,Infestation v1.1,Momruoy,Large,Hard,Challenge,1,14739780,Can Juni save the day?,Normal Ending;Good Ending,Credits;Discovery;Helpers;Guardian;Foobar;Hint6;Hint5;Hint4;Hint3;Hint2;Hint1;Hint7;Hint8;Sky;Carried;Enlightenment,iVBORw0KGgoAAAANSUhEUgAAAB4AAAAeBAMAAADJHrORAAAACXBIWXMAAAsTAAALEwEAmpwYAAAAElBMVEVHcEx8YmRxWVsjIyOMcnNoRkkFBUjlAAAAAXRSTlMAQObYZgAAAKpJREFUGNNtzsENwyAMBVAkJnBFBuin3CuSBWhggCDYf5VCCo5b1Sce/jYo9bf0+vyiJysv/J1uVrRBRLgC/rSVcZIDP9YmNJswF+h9a943dknNJbHd0bxkNs59/AE/bC/HGKVpXzeSLjGxNUBLPQhjYXevac+24jl+sMWn+8Dqhe2qXhjjfQEeqsz2GUjKhdluAZMVSmCbBAVX4mBMuRmuxk/VjG6gfqof369YKGEOPm3BAAAAAElFTkSuQmCC
http://knyttlevels.com/levels/cloverbunnies%20-%20A%20Black%20Comedy.knytt.bin,A Black Comedy,cloverbunnies,Small,Easy,Environmental;Playground,2,544928,Story to be determined...,Witch ending;Love ending;Ending,,iVBORw0KGgoAAAANSUhEUgAAAB4AAAAeBAMAAADJHrORAAAACXBIWXMAAAsTAAALEwEAmpwYAAAAFVBMVEVHcEwIAADr6+sPIz/YwKbMrYsjQ3/R7htMAAAAAXRSTlMAQObYZgAAAEpJREFUGNNjYBgYICiIwmUUFBRA5huj8hmTRV1Q+ImBjijaE0Nd8Ko3E0W1T1hIAJWvhMYXUkRzLiqfUQk/nwHVOwwMAgz45WkFAKmVBo7qdhLWAAAAAElFTkSuQmCC
http://knyttlevels.com/levels/Nifflas%20-%20Sky%20Flowerz.knytt.bin,Sky Flower,Nifflas,Small,Easy;Hard,Challenge,0,4513198,Abstract and slightly pretentious.,Ending,,iVBORw0KGgoAAAANSUhEUgAAAB4AAAAeBAMAAADJHrORAAAACXBIWXMAAAsTAAALEwEAmpwYAAAAElBMVEVVVVVHcExVVVVVVVVVVVVVVVVA31abAAAABXRSTlM3AGd3mAJYS8UAAADVSURBVBjTlZE9jgMhDIVhd+jxzNLPrOQ+KeYEq/TG5N3/KjGGSNkuQaL48N/zI9D/E97jb7T4whv+gMuT8wlIuCFOTjioZk0yOOOrUl3r2hOMNyHJ4KP0BOOilPgXwqE549xZieym2Lmt0D5F8u1qvFlrF8GpVeNirZ2LBOdLOZzt2dnEOWdgxPN9xGUb9cTOKZbOJi8dnh5Tn5cbC3aiRZRdj6nJ2G1dHnpNJUeo9krfV0yg9HbX6YcKKf1UjtMvs45pAZ5+LmjpHIaGaTem4eHD/3oAA2c2bs8rDM4AAAAASUVORK5CYII=
http://knyttlevels.com/levels/Andy%20-%20Woods.knytt.bin,Woods,Andy,Small,Easy,Environmental,4,221058,,Ending,,iVBORw0KGgoAAAANSUhEUgAAABgAAAAYAgMAAACdGdVrAAAACXBIWXMAAA7EAAAOxAGVKw4bAAAACVBMVEWaHBx4FRWGGBgLy6RwAAAAe0lEQVQI1x3LsQ3CUAwE0PuWgywqF6GgsyIRIab4BStkgyAxxheiYgJoqUKmxJfGz3eyofBaOxSoJ6i9e+KTEj1clXQTKWUDt8/zlGA3H0l5j0SWH8F9BaJhIYGVGC6JyQYE9uJs+2+mBjlnCsiQaeCWpy0eSZbGh7D4A9+IElp+E1nGAAAAAElFTkSuQmCC
http://knyttlevels.com/levels/Talps%20and%20Jetio4%20-%20Coldmist%20Mountain.knytt.bin,Coldmist Mountain,Talps and Jetio4,Small,Hard,Challenge,2,5057651,Juni must climb Coldmist to save her town.,End S;Ending,Man1;Man2,iVBORw0KGgoAAAANSUhEUgAAAB4AAAAeBAMAAADJHrORAAAACXBIWXMAAA7EAAAOxAGVKw4bAAAAGFBMVEVMTVZRU15ARE1xdX86OUExMDRmaXONiIdNF3UXAAAAr0lEQVQY04WMwQnDMAxFpdABJPAAiQl0gC5gBQdfe2gHyKUDpAGvX9lOSu0c+vmg95BsuAP8lKF2gmcVaPatn9+37iDXPwqAw9R5nh2QQy57mrx36Vad0dFlDNEROVbXgWbctgT6nyAKmfEdBUl0L8iCpgtRSEGdWdj0wWfYnW2Qyqc47D4wa+11lQyH2zXDcngszie3VRbomVKHArrHLlWT4Hvfl9HBrc5ff9Vp/QOGWkezxpx5eAAAAABJRU5ErkJggg==
http://knyttlevels.com/levels/Fredrik%20Andersson%20-%20Core.knytt.bin,Core,Fredrik Andersson,Large,Hard,Challenge,0,635722,What will come next?,Ending,Bomb;Core,iVBORw0KGgoAAAANSUhEUgAAAB4AAAAeBAMAAADJHrORAAAAHXRFWHRDb21tZW50AENyZWF0ZWQgd2l0aCBUaGUgR0lNUO9kJW4AAAAJcEhZcwAACxMAAAsTAQCanBgAAAASUExURQAAAIdtTP///6RTOsA5KPIMCEZb+jEAAACnSURBVBjTdZHRDcIwDETPmcBWGSBiAwQLoGaEsv8q+BwnDQLykeid3XNzwfVzoR8VWBlihjIZxqUluWMXnKskG4JHORqcZ9mMXM22O8E37Xw5bi62Fuztj+DX7h8Ebzv723PwYoi6oukv1n8syaIn01/Qe3Me8kaDvax08ZRK/D8VYTnv444n01AhQpeS+dBTfGzp+SlnzvwiQEqZbwi65P/1Psv7vQE9miP3vVSnBgAAAABJRU5ErkJggg==
http://knyttlevels.com/levels/egomassive%20-%20The%20Dying%20Core.knytt.bin,The Dying Core,egomassive,Small,Hard,Challenge,2,8742501,"Four keys, four tasks, for life",,Planet;Machine,iVBORw0KGgoAAAANSUhEUgAAAB4AAAAeBAMAAADJHrORAAAALVBMVEVHcExldmZGVEbm5uZDT0MoLyiAhoBeX17X2Nejp6O2urbHyMdXY1eSlpJwdnDF1+ZdAAAAAXRSTlMAQObYZgAAAQJJREFUGNNjYGAIRQAGIAgVRACgAKugEgIIBjCwijgBGefS3gBJFccAhkAVFyD35qq5QAEXJ1GGQCCpk7nDuHvaIaAMiK/icmyFsbFxV46LE5iv5CLZDORbTARqBPN1bhuDwN5DUL7iDDC/8xGUf3azcfeqHcbWd6D8l80WO9NmN1vMg/KzjC3mlb9sNl4G51tfL6/djMy/WP4WmY+u3mJaeWYzTvmXzV3p5bUr4Pad3bEzvbxsdjfMPXqzwfydMPfq3OoC2rdiLcw/LpLdF8trd8D8CwyPVffK366ChQcwvHLT0nKvQcMLFJ4Hn6W9k4GEJyS8j8vVQMMbPT7Q4wstPgH6/4j32XKH7QAAAABJRU5ErkJggg==
http://knyttlevels.com/levels/The%20Red%20Snifit%20-%20The%20Five%20Lands%201.9.knytt.bin,The Five Lands,The Red Snifit,Medium,Hard,Challenge,1,55654,Version 1.9,Secret Ending;Ending,,iVBORw0KGgoAAAANSUhEUgAAAB4AAAAeBAMAAADJHrORAAAACXBIWXMAAAsTAAALEwEAmpwYAAAAFVBMVEVHcEwIAADr6+sPIz/YwKbMrYsjQ3/R7htMAAAAAXRSTlMAQObYZgAAAEpJREFUGNNjYBgYICiIwmUUFBRA5huj8hmTRV1Q+ImBjijaE0Nd8Ko3E0W1T1hIAJWvhMYXUkRzLiqfUQk/nwHVOwwMAgz45WkFAKmVBo7qdhLWAAAAAElFTkSuQmCC
http://knyttlevels.com/levels/egomassive-Shipwrecked1.1.knytt.bin,Shipwrecked,egomassive,Medium,Normal,Challenge,2,9015798,A day to day struggle for survival,,,iVBORw0KGgoAAAANSUhEUgAAAB4AAAAeBAMAAADJHrORAAAAHlBMVEVHcExKPy2yooqplGqSe1kAAADbUTDCs5bqbUL///9wRyW+AAAAAXRSTlMAQObYZgAAAM1JREFUGNNtUUsSwiAMpTdo3XStLrq38QQh4wEgHT1As7fjFZzpBbyvAVpB64NNeJ9AMMY0GUbRHDL0oOp6i+vualM9bA/rPtVmZ0vsN3WrMmtxsSiPRR7eo75XrvQDAMJaq0x5LZNe8wAR7Scv6gC++kdB7q9hmK6Q8gJyf+Lg0AT20T+IJ2Z2JGOoaZ6fg4iM13l2ob9yEhczLLzc5CXK++TnWHP0t0Dso//MLvUn5AB0y/uZvN6APP+bX3Us5nXR+U/F/Kd6818///kG08NpUCWhxLEAAAAASUVORK5CYII=
http://knyttlevels.com/levels/AlmightyZenTaco%20-%20Dark%20Sky%20of%20Wish%20Mountain.knytt.bin,Dark Sky of Wish Mountain,AlmightyZenTaco,Medium,Medium,Challenge,0,21543286,Juni and the mysterious Wish Mountain,Ending,,iVBORw0KGgoAAAANSUhEUgAAAB4AAAAeAgMAAABGXkYxAAAACVBMVEWAgIDAwMD///+wFbjcAAAAWklEQVQY07XKIQ6AMBBE0UkdnALDkaYhVeg9RS9Rg6rZpOWUlGXRKL56yQzOp4oPiKMnh0ZHoYMUQyeTQcloKBynG4wrxbBNjj3YlDXjCAOYgQUVDV59kfF3FxSfS5bZPH36AAAAAElFTkSuQmCC
http://knyttlevels.com/levels/Introversity%20-%20Scrolly%20Polly%20Snow.knytt.bin,Scrolly Polly,Introversity,Small,Easy,Puzzle,0,264754,Wrap around the screens!,Ending;Ending True,,iVBORw0KGgoAAAANSUhEUgAAAB4AAAAeBAMAAADJHrORAAAAG1BMVEVbbpcFAwRffndSb2xujoPTuJrr6+udsNsRGzOitlgZAAAAfElEQVQY02NgIBqwM1AFFACxoCAKn1FQUABZiQQqn7FRNBSVHxgIMwnCDwXLw/kdaOo7RAVRnCAhhmIdg2AaGl8sEZUviMpnTEtECRYUPlgDqnkMaFxkeUEEAAu6uCjBEJivpGwERUoQvrESFBmB+XBpZRMwHy5trALiAwBDbRWpJtAkmwAAAABJRU5ErkJggg==
http://knyttlevels.com/levels/KG%20-%20Too%20much%20Soda.knytt.bin,Too much Soda,KG,Medium,Very Hard,Misc;Puzzle,1,43113494,Soda is bad for you.,Credits;Sick;Victory,Deisidaimonia;GH1MN2;You're Winner,iVBORw0KGgoAAAANSUhEUgAAAB4AAAAeBAMAAADJHrORAAAABGdBTUEAALGPC/xhBQAAAAFzUkdCAK7OHOkAAAAJcEhZcwAADsMAAA7DAcdvqGQAAAAqUExURQgBA/918dFm//+b9bWl1SQhJ0o3Jv//gIAAAAAAAO0cJP///9zc3P+jseB3S/8AAACfSURBVBjTYzBGBQyU8gVRAUzegIEZRT0DAwMy3yAAlc/KUF6AwmdnR9ZvxsqOIm/GGlB+BpVfwIPMNwhosFpsbLxrF4zP0TB3srGx9WoYn7OD6zKQsQvifjGBCR2dSO43M57M0YlsXlpaArJ7TI2NA4zR+GjywZYQvpKRspKRqpJRMJihzKAEAqpKSkFghhKEjwAMTipKyAhDHoOPqgEA6nlXAHLOraAAAAAASUVORK5CYII=
http://knyttlevels.com/levels/Diesel%20-%20Station%2007%20ver2.knytt.bin,Station 07,Diesel,Medium,Easy,Puzzle,0,155224,Unravel the mysteries of the Station.,Ending,,iVBORw0KGgoAAAANSUhEUgAAAB4AAAAeBAMAAADJHrORAAAACXBIWXMAAAsTAAALEwEAmpwYAAAALVBMVEWvr7ipqbG+vse0tL25ucLExM5YWF1fX2Shoah4d31sbHKWlJaHh46RhnN8akRjZKTsAAABx0lEQVQY0xWNsWsTURzHv8+LWC2W90jRE3HwLm8IWS7JSSPVoncvQ6RDeeTAbk7vqGTpcs/GxXgigigxlUDBodKQG3TIEFpRhFqKU4ZoHYqDk0MH/whfp9/v8/3C5wv+NWhGXEaRjHjkFBD9MT/ndYeb8JRfRbIuHdl0eKHOHfASv36jEK18ebc1mXcF5N36uZd6u9TWWh8KDind7OOwvWhQH4gVRM2S/vA7Gb3o3J/kAh8yWN14fZy8dYJiPBYuuLu6dfYk7vmVBf0rDCEry5PccXYQiMvtacWDI4r6cJT1uLe79tcqIJANnZ7ZeyP8/sZR9bS/p8fhXs/1s/Wf9A6csKifhvEg9OLBkZ+DCBr6mRfv+DW1OUYVQjRUDsl29Va8n5aBILygUqEGOK9HeYvCE8tJWlWb1oJK4QEFV2RpTQ28S4rABG7Vez5fi3fobuxZNI9QlL8/mVXvrf4ao6QGy7+puldUF8MWJWCG55JWX+3T4QPAJsawlLSUokw9IoQwo5z7/FA9zi+qLoHN4JGl0bdPFp3912EzpAOwa1MzzDonjFIbQPn2lBkvITOUpubSiz8YtRlhjBkhQK9OQZiZtjs0T/8DBjiHDiQ3hXYAAAAASUVORK5CYII=
http://knyttlevels.com/levels/Chezzy%20-%20Night%202%20v2.1.knytt.bin,Night 2,Chezzy,,Easy,Challenge,1,4354640,Locked out,Ending,Cutscene;Cutscene2,iVBORw0KGgoAAAANSUhEUgAAAB4AAAAeBAMAAADJHrORAAAAElBMVEUBPmwIAQIAAAD/zAABAQERGzP60povAAAAgElEQVQY073RwQ3DIAwFUMdhACzRu0k8QJUuYCIvkO4/TE0PFebWS/7B6NkIkIBXDDxhzHqTkXIwEY1erugHbTW4lBxtLfia3XI8v4X3LGXyW+J++t139CUV6059zgwK7uTU3Y0IWunb1j4XQ6gILMq8wyGnmDXy4nFvY/739J8f5eMgHJOifvoAAAAASUVORK5CYII=
http://knyttlevels.com/levels/Elder%20-%20Red.knytt.bin,Red,Elder,Medium,Hard,Challenge;Maze,1,1267334,,Ending,,iVBORw0KGgoAAAANSUhEUgAAABgAAAAYAQMAAADaua+7AAAABlBMVEWuAAC4AABNPGb5AAAAGElEQVQI12NgAAL7/38Y6v//oyoGmQkEABxQNiWZK0O1AAAAAElFTkSuQmCC
http://knyttlevels.com/levels/ozz%20-%20Realms%20of%20the%20Pharaoh%20v1.1.knytt.bin,Realms of the Pharaoh 1.1,ozz,Medium,Normal,Challenge,2,535704,In which realm does the Pharaoh lay?,Ending2;Ending,,iVBORw0KGgoAAAANSUhEUgAAAB4AAAAeBAMAAADJHrORAAAACXBIWXMAAAsTAAALEwEAmpwYAAAAHlBMVEVGRhFGTaAYG0cLDSZYYcBce5GamgCAgADKygBBXG8h4yhgAAABW0lEQVQY0yWRPW7DMAxGGRiR7M1MdIFKOYAjnsCpDtBFjrNl8U83LbaRLUtcj17cILct3RCggMfHQfgIzp2MMfqQcznngNtaS0dUSuVvNoYyAETG08onymQ3AG84zaw+SRZVfd6gOzErh1ldPqbiikr/e9yWvqpKv9mtnOcofOd9V4DRlvcx9bcXV/dlrQbWafUFXP5KRv/7Zu6nMTyvZO3qtyAh5t5GpEFj2sf3IZZhEoG9Pqa9gCmO70IE9sZIP8MI4g7LOdJgKSmbIH5GGNrLRrFPej8LELAUtw2yl7eyDu21by8Ds6Hkd/KzhKUcX7yvKeurogFZ+zrg6rPbMjG3j1fA1VNSVxeZ+PqbE2FPsvNNGCo/RKs3KJd2iuKpekYfjv+PqazvlI7NTPYAueIBRJQCP5yXwhyRiBD3ZGnNR+HOklFqv96N88nzHQfJc47v7bXmgyq+htZ/y8RihVb98pQAAAAASUVORK5CYII=
http://knyttlevels.com/levels/Comhon%20-%20Pixeled%20(v.2.0).knytt.bin,Pixeled,Comhon,Large,Hard,Misc,2,12581250,One screen adventure (v.2.0),Ending,,iVBORw0KGgoAAAANSUhEUgAAABgAAAAYBAMAAAASWSDLAAAAGFBMVEUIAACAgIAeHh7////TuJrr6+sLER8VIT+etqsSAAAAYUlEQVQY02NQAgJBIADRDAQ4AgyMCA4DAwOcI5aAxGFPcHFAcFhYIHpAJrGzuDiAaAgnAYnDVuDADOcYJAQYIzipyJyEUCRlDKwIjjErVAbsNtZQRmRXI3sB1T9EeRsbBwCW4x/ikS0QIAAAAABJRU5ErkJggg==
http://knyttlevels.com/levels/BloxMaster%20-%20Upwards%20Sky.knytt.bin,Upwards Sky,BloxMaster,Small,Hard,Challenge;Puzzle,2,8206534,,Ending,,iVBORw0KGgoAAAANSUhEUgAAAB4AAAAeBAMAAADJHrORAAAACXBIWXMAAAsTAAALEwEAmpwYAAAAIVBMVEVIb5tHbpl/Vzqpb0QIAAC7fE2PXz0OFiljZW/UuZwoVzdmkDnCAAAAlklEQVQY04WMOwqDQBRFLyLEMobAWM8etFceRG1dghuwGHAFARcwzfRTucp8xpD3XpGc7lwuB+WHSz3ZesLX58bODXP74ofrv+4JJxL/K1HPe6v2IfTsb5z3Z9Yzbggt95VCy/s35yvecxQPT5woHv2EoZilXmIZpWPcO/5Hvne8B5ByZOIPFKL35K68kP/3tElHiT88AEpEN2oyt+F2AAAAAElFTkSuQmCC
http://knyttlevels.com/levels/Talps%20-%20Do%20not%20Pick%20up%20the%20Key%20V2.knytt.bin,Do not Pick up the Key,Talps,Small,Hard,Challenge,2,6623740,Do not pick up the key.,Ending,Ending2,iVBORw0KGgoAAAANSUhEUgAAAB4AAAAeBAMAAADJHrORAAAACXBIWXMAAA7EAAAOxAGVKw4bAAAAD1BMVEWAAAA1AAD///8AAAD5+fnLO06sAAAAm0lEQVQY022RywEDIQhEhw6UVMBaQST91xY+ssYkXvQ5AwrgOhdy673zZukAiIulAXXhbGh+u0gWQ08BcHAL9J2cJXxhM4MzL7kFt2SzudOYlsx+TNYZWZw9fKhGlJ2DdT5Bqpst+vHJJo/X5mHRY2725JupvlTvVwWLUXL+V1CyrPqWfGV92YdoEP3t13c/f/qd8+h8zuuY373eYX0qHKPePpcAAAAASUVORK5CYII=
http://knyttlevels.com/levels/Kohdi%20-%20Riku%20Island%20(Final).knytt.bin,Riku Island,Kohdi,Large,Easy;Normal,Environmental;Maze,1,28432846,Your quest leads you to enlightenment,Ending,Tele1;Tele2;Tele3;Tele4;Tele5,iVBORw0KGgoAAAANSUhEUgAAAB4AAAAeBAMAAADJHrORAAAABGdBTUEAALGPC/xhBQAAAAFzUkdCAK7OHOkAAAAwUExURUtGPhcbEggAACs1HX6PtGRjXLNnt9C3m3VybSQoH1NSSoeXtoqMiDQ4LYR/eo+KhrT+f30AAAAYdEVYdFNvZnR3YXJlAFBhaW50Lk5FVCB2My4zMTeDd4YAAADxSURBVBjTdcyxSgNBEAbgWUmRXCzuZ05Q0oSB2xwBIctVloF9ALkqsbS4yirN9enSaWel1jbmauvY2/gOCr6Dk8Dl9goXZpmP/9+lvHvoP6Njw6Edu/2lo2bO718/WT1jMLHDVSG/0fVDPtMaOQcSuRNZQjMmB0TyISJjEHCY8+xUPY1N4+mJTKoxNX7OClmtdkd/2bVUVbpfD35KC+23vrjR9/JjGiN+s2X6gqPRt7c7Ci1lajq2WeC4b8sMo9ak/6HNt4NCvkObx8kG743rrTmTy7oO8mgxCPoJUS8JDKKhxzy09/Ok67afgHpeC7r6P1VtQ74vjKdDAAAAAElFTkSuQmCC
http://knyttlevels.com/levels/Chironex%20-%20Afar.knytt.bin,Afar,Chironex,Medium,Normal;Very Hard,Challenge,0,145906,"In the life of Juni, from the land of Afar...",Ending,,iVBORw0KGgoAAAANSUhEUgAAAB4AAAAeBAMAAADJHrORAAAAGHRFWHRTb2Z0d2FyZQBQYWludC5ORVQgdjMuMDhlcpzhAAAACXBIWXMAAAsRAAALEQF/ZF+RAAAAMFBMVEVeb4deb4o1THM+XZEIAgP///8/XZAxLzR9lr90haI/XZE+XZBcWVnn6ezYwKbMrYsAI31IAAABDklEQVQY013OsWrDMBAGYJlSU+olJhS6S4hDegwdUQilTSk35TUM7nvUBOHQtyl48ejVr5Ape3uWXJz2QMOnX3cnUcZay7nEbPhnKRHdtbHvv9xi1fddXUlgPxCxn7q6q11gE9HrWipf1/WWzTERz5suqsWI6K+seJ3yf4xGLf3qfPG8ni1S//OLRxn33xKt3tT526MzIKYqs0d+jxXCh8jEqhTZfYsX7zGYKeVzA2oc1PtOilTR0jnza9mMaDZmyon2opDNgKAk57yORGGacQATgojf2ecaEFswZnahYbcJrbbJdLBKwUlrPed3x+0G9OIcQJ+S4/zcfoK2dnLcz/MDp1bP/2MfdXo/O7XbH8uVZkezuJqhAAAAAElFTkSuQmCC
http://knyttlevels.com/levels/Bennity%20-%20Ghostly%20Trials%201.2.knytt.bin,Ghostly Trials,Bennity,Medium,Normal,Challenge,1,1552976,Go on the Ghostly Trials and save the Land,Ending,Ghost;CastleFirst;Pray;Temple;CastleSecond,iVBORw0KGgoAAAANSUhEUgAAAB4AAAAeBAMAAADJHrORAAAACXBIWXMAAAsTAAALEwEAmpwYAAAAD1BMVEU3O0JjZmonKC1SU1kdGx/apgCTAAAAoklEQVQY033Q0Q3DIAwE0JO7QC7uAMbqAogFmqj7z1QTaAqRWisfPJKcMQBgcMRTolBLmoFumByfnCUXw302rn7sr8kb+RwDlVwHJ8aGjS7cJmuerJrTc3T8MJq5cP9n1S0s/dRpif67QVoPoS6luk8l5I13P520ZJrHhvTXrMf3T1plHc+POFmdfkzX21ny5O0ae7+WgzNhuNefZd9FX9aQN8YeEz6D96fwAAAAAElFTkSuQmCC
http://knyttlevels.com/levels/Fegon%20-%20Temple%20of%20the%20sun.knytt.bin,Temple of the sun v1.02,Fegon,Medium,Normal,Challenge;Environmental,0,154696,Juni explores the sun temple.,Ending,,iVBORw0KGgoAAAANSUhEUgAAAB4AAAAeBAMAAADJHrORAAAAF3RFWHRTb2Z0d2FyZQBHTERQTkcgdmVyIDMuNHGFpOEAAAASUExURebqzsDIgkdNIY+ZQwAAAP///76sc5gAAACJSURBVBjTndFRCsMgDAbg38HeI/YAY/QAddkFynKAvXj/qyxZE9duFMp+BPkUNSr4du0ZRVAJPSnfUbFKGnBB08SA+txaoqwt/NR1FvPpgPFjqMq0df42he1ss/aLe/6yV6Ph9/4AOye3T5cDHsJ1uUG48J7nfZO9/0z4FKz/81ip8AgR8d8UywsDhx6Dij+FUwAAAABJRU5ErkJggg==
http://knyttlevels.com/levels/Glorious%20Trainwrecks%20-%20The%20Cursed%20Gallery.knytt.bin,The Cursed Gallery,Glorious Trainwrecks,Large,Hard,Challenge;Misc,4,45591058,"At night, the paintings come to life...",NormalEnding;ArtifactEnding,,H4sIAAAAAAAAA+sM8HPn5ZLiYmBg4PX0cAkC0nIgzMEMJHnexU1gYGAuywyJKInw9bFKzs/VS0zJT0rVq8gtYAABG/uKgsTk7NQShaTU9Mw8W6X3u/crKWSm2CqFm/oa+BY4p2ZkelQVpQZX+YUkV2UnW6Yo2dsp2FRYAQ3ITS1JVKjIzckrtqqwVQKbawVkg4T1lRTASkqybZUcQRIKEb4BCs75RakKpnpmusmGJkYK5pZ6hmYGlkYmOgpGBobm+gbm+obGugaGVgZmVsaWClCgBLStKCXNKsjFDWoXkGerlFFSUmClr19eXq5XbqyXX5Sub2hpaalvYKRvZKQLVKFbXJlXklihm1esDDPBJbU4uSizoCQzP08BxE9Myi8tsVVSgnkht8DXF25wXjE0oIBBpl+RWKBvqGegn5urD1NdXBKUmoZfdXFIZUGqflBqcX5pUXIqULkyklX4tYIUAl1j5V+UCYyUxByX/OTS3NS8Ek8XWyWgjF5KZopVYnJKkmmKRbJuamJKsq6JpYmlbqKRoblumrFlqolpknmKWZIhzBxs+g2NXM2cLExdDZ0tTQwNXS2cDM3dLJzdzF0sDZ2MnZ1MYXo984pLEvOSU2F6MxF6XfDqtXIuSk0syS8Kyc/PgaWCgIz8kvzijPwCBWdncKwraIRn5qXklxdrgqIJ6trUosyy1BS3ovxcBXA4W2VicQNx/ofoTyE3/PSBjtJHSzwwIWCKBDHhWQHIgWem1DxgDioCZpUUE+ldwGwmWeIaURKcn1ZSnliUygAJC8/cxHRgskhMqSw8mWoDVJQQ4BPiysjAEO+pmReib6gpURljIiLIHe6sVhRuaKMnm+6vkxmopyovlOKj7Wwqb8rJ5WGvGhyqb6qkkplp5e8swCeu15lhnZRicfLc6l2rpqydW3LkxMFpxQ5zK5xnxTJfvFq+ZWHNExF5NwYGxg5PF8cQjfOlkxvLmhV4XJklFASOLIzYXfb6//+nTNuOl919ZKkRc7jbn6lkZ8bzOwYnHjzx/B45P2YdY5aq2iIBJlbZJ42/ejpmZrU2Tk1K+q0dwr3uwNvYpUp72rbWunNs6ja9eOD9Bp3fTRyrnpy1dlu6lW1lwAb/9zOeSh/InP3v2LEghqVrvt/kOPZU1F1TfkvyydwKR4v829zbFmzNusHdZpxz/uYpz8xZ/Do3O34cSJRIKfZama3PfWfb2Rkd3y95bJA+pFx9MHreMk1pm03VT62PVUR5a2b3uT9tN1tkP9XofOqnG4Zvb1m7/bCZe+rPV9P3L63ttmx8aHN+p88z12gt8T83N/z9t63p48Kzd6882/kg6NPPOdfV72y1djNeu7vs+MfEbsO7xQdM1r7WMbENXRfac/H3vgm7dPf9bltx639ZX+/Jf+82V0iVX5cuVWCfo2K7T559krF+hcSLxcct+r5H7359TXKBdPip5dveHK/9oFwcfb3g7dvFv09Od7RaFKsTq/pafILY7/XH73zlWnVtf3XPjrCvzOdFJP8sVLjACiqMPV39XNY5JTQBAOkvFyrUBQAA
http://knyttlevels.com/levels/Velvet%20-%20The%20Little%20Gothic%20Doll.knytt.bin,The Little Gothic Doll,Velvet,Medium,Normal,Challenge,1,9458745,You are a doll no one wants to buy...,Ending;Secret Ending,,iVBORw0KGgoAAAANSUhEUgAAAB4AAAAeBAMAAADJHrORAAAAGHRFWHRTb2Z0d2FyZQBQYWludC5ORVQgdjMuMjBZn3ZRAAAACXBIWXMAAAsSAAALEgHS3X78AAAAGFBMVEUGAgMeHx9ycnJMTEyJiYk/Pz8Af0P///9rzbJJAAAAs0lEQVQY043PQQqDMBAF0C+0uE3Q7svoCQzdNyE9QTFrWzDr7rx+x4m1Rij0L8I8/pAQ6Dz4z7XN7drMnshvXBHH/rTXHVGr/eKaLC9YwCY78RU4iHluHdEZULyAh1zGnl5FsfSSskzmyxvpp8UVXTrZ18na9Pf5vdUnsYLSubH1DXnPlr6fk3zkaWP1dWAP8xjRj+MY4pNiHEKIEfGTQUbs4713rV9PkDFdYwxRw58yZu83j51A47fdqyEAAAAASUVORK5CYII=
http://knyttlevels.com/levels/Talps%20-%20My%20Loving%20Hadron%20Collider.knytt.bin,My Loving Hadron Collider,Talps,Small,Hard,Challenge,2,449694,You have been selected for experimentation,Ending,,iVBORw0KGgoAAAANSUhEUgAAAB4AAAAeAgMAAABGXkYxAAAACXBIWXMAAA7EAAAOxAGVKw4bAAAACVBMVEX/rsleAB////8SLsIxAAAAfklEQVQY03XPMQ6DMAwF0G8JMjNQhpzGR2Dpwszk0zCUnSEd4lPWToiEUPH0hi/5f2i9A3/wXXQXx9xnngwZWEEFrxVvOZCIxx6LoQMNCFcMAIMsfAUcOjd8HBbW1JAd0WuwQRwbylP1UCiwUKxVGVKx0Vk+hRM5tjnyMPCOHxXzZallsXxiAAAAAElFTkSuQmCC
http://knyttlevels.com/levels/Drakkan%20-%20Training%20Groundv3rev.knytt.bin,Training Grounds,Drakkan,Large,Normal;Hard;Lunetic,Tutorial;Challenge,2,36771071,Liu-Fox awaits you !      V3 FINAL rev,Ending,End Novice;Ice;Escape;Hive;Mushrooms;Endspace;Endline;End2;End Hard;Submarine;Beholder;Meeting;MonsterDeath,iVBORw0KGgoAAAANSUhEUgAAAB4AAAAeCAMAAAAM7l6QAAAACXBIWXMAAAsTAAALEwEAmpwYAAABBVBMVEXl9/9IHSX+///r/P/k+/9aLjZGGyPp+P/n9//m+P8BAAFzdXZHRkgzDwsTDQ0LCgk8Ozs2ICVPTEtEQ0MFGS/1//8oKChVVFPw/P40NTg+Fh7R3+Ti9f+mqaqs0/MyLzDd7vTR1NQbkfZfXFvExsebmpquydyGeGd2ZVYICAgNbsGmr7QfEBS2vcGAhomKkZTP6Pigw9tQj8sKe9Hy8/N8fX5rbG3s07W/1eM+kuJOJi2aoKSGhYTPn2t5osG3qZIYX6ZWpOoUeeMIof8pbMCIxvYpGhlOPy9umK3UtZDi5uaHY0ChflWNcFVPfaIdLDaxl3zn8PP4+fQ3TWGshVb/8tBCd6hQIHPBAAAB6ElEQVQoz32SZ3ubMBRGr6XUYKMaCmHYTC/AA+89Eu8kzXK6/v9PqQAnHk/aw5UeoaP7ig8AgAEXGIbcqw04jjPl+D0a9AknMK5Qz1RtQciq5nlbNDM4X1YVJUshFzIcmlaTFEkVRVGwL7pDjbE+UPz903NRyF4mQ3R3vu/v5493RIDPSMkB8feqop5pNiowMGoq/nB465GTcNZgD+EYNfjn30NPVcW4IbQs+36Q0fSm6HtqNmuH22ysP24AA30vpu1ZU0j/Q/cafIYL+rtIs+/xdHXobkqKMijNgGHOdHTEQPlGo6EIeROwhk9MDNXcNCBCqQxOy4kCTmAMpE+DQAi1e+/S/gvPOm9azSZUt19cTWOZ1FGxKZx/ePCEohnqjisjpGFZo59AHQMYoR/D+eOgVhaLYI2tt9Go5eiOLGNgZFbWSmbN9PwZp6QzsB1boz8ba3TjIgc0xsG9QOIzB3jojltWdeNay7Z+oyP9PjW1BZEQ+q+IalGCVaFlrTadZWHc6bT0ptf+mRb7XEy/COv1dlugrAur5ZX1Mr8lGZsQKYIQ6Hari2q3SmvRcW8WT7/u+AofU6kocH3C6+t1fVevpD+owNcT6nVau29HdvDlf0xgksvlkonkgcRxGZKDSZLqZOJzcn8BC/tCZK4s6yIAAAAASUVORK5CYII=
http://knyttlevels.com/levels/AlmightyZenTaco%20-%20QuiescentArchipelago.knytt.bin,Quiescent Archipelago,AlmightyZenTaco,Small,,Environmental,1,5706156,Take it in.,Ending,,iVBORw0KGgoAAAANSUhEUgAAAB4AAAAeBAMAAADJHrORAAAABGdBTUEAALGPC/xhBQAAAAFzUkdCAK7OHOkAAAAYUExURTkAVFt/AMzMzElcFis3DKF//xcdBj5WAOR8/eYAAACOSURBVBjTlZA9CoAwDIVrhe7i0LV4AqHgLJgLOOQEinvx/mCM2jYVB98Q8r3mjyr1ku7OkLhzxXNkF8vL9oLFhKfffQx4HxR3/ZZ+wihuVgbkxBXGvM2sADlvGxfETzHgJ1EvWBPvU77PwLCkezK+5Ul9wtoLo25YLQNiRXlgBxGJmWwTwmkonC3l9nIQD6ceFq5eZHjSAAAAAElFTkSuQmCC
http://knyttlevels.com/levels/Elder%20-%20Uthoha.knytt.bin,Uthoha,Elder,Medium,Easy,Environmental,1,1625787,A world...,Ending,,iVBORw0KGgoAAAANSUhEUgAAAB4AAAAeBAMAAADJHrORAAAACXBIWXMAAAsTAAALEwEAmpwYAAAAFVBMVEVHcEwIAADr6+sPIz/YwKbMrYsjQ3/R7htMAAAAAXRSTlMAQObYZgAAAEpJREFUGNNjYBgYICiIwmUUFBRA5huj8hmTRV1Q+ImBjijaE0Nd8Ko3E0W1T1hIAJWvhMYXUkRzLiqfUQk/nwHVOwwMAgz45WkFAKmVBo7qdhLWAAAAAElFTkSuQmCC
http://knyttlevels.com/levels/VlachVania%20-%20The%20Phantom%20Apparatus.knytt.bin,The Phantom Apparatus,VlachVania,Medium,Normal;Very Hard,Challenge,0,442008,...does it really exist?,Ending,Story,iVBORw0KGgoAAAANSUhEUgAAAB4AAAAeAgMAAABGXkYxAAAAGXRFWHRTb2Z0d2FyZQBBZG9iZSBJbWFnZVJlYWR5ccllPAAAAAxQTFRFAAAARUVF6+vrHBwcExFnOQAAAJdJREFUGNNV0DEOgzAMBVAvCKkLUyXExFEY2p0B73Rl5gDxTRx1yyl6BJaKazD0APWPUaN6ekp+EjuUvJTSJZeBUEDFfGNDMDBTXxB5ILpOWiCOnmTEcUN0aIGMnS4hZ9r5ET7IAKsWyIHMapmtpRmIG47b1vM4Ib5imTceRWZ/AXbPPjhCzdM999wwZ6Qazf8N+Bv5/IQv8flLgrfZ5bcAAAAASUVORK5CYII=
http://knyttlevels.com/levels/Bennity%20-%20Spiral%201.1.knytt.bin,Spiral,Bennity,Small,Very Hard,Challenge,0,57299,Around and around you go.... v1.1,Ending,,H4sIAAAAAAAAA+sM8HPn5ZLiYmBg4PX0cAkC0nIgzMEMJHnexU0AUpwFHpHFDAzcwiDMyDBrjgRQ0CnAJ8TVvcBHmo2VEvThRspeoGliJUF+wQzvyw89v7vq99ftRuHtEpens/O7ZJ7V5NULv8zAwOjp6eIYonG+d/LNSS0KPK43N23g0Pjxf78VS251SdUqK34BG9e8HQuC7rtuWDD37r/GvoXRBXem828pdHMQLgyJsLtw6fIZrU3Vl1IveG8pqEzYILHe9WvM+9yXHcm3ZAV5Hvae5U1/f/3jVIaGzBQG8zWLp1/8dUHMVuBVde5lt8/nxJTueWgeZo/ozljWE3TR7Vyv0NtVFytjNiS76G+dG2+xMkUjZjcvxweLjbFLH1tUWW9dXfioYf5u6zczr/e6vft1pLrokdvLpsc3rPnmreZyjlOqikgt0jArjLtqJVzh+fzxHdcul0MrVxyV7FzC/zl21oKJZgeF5orvevo5y/D240dtZkunR3v+viz79/UhPf2DrcZv7/47GDf9e/GHl47Cz78f+vC406zs9/ug8rwXQnaHgvzWm285MNmr9lwmt7dBn8Tr+WHi502cH//76L/yYkJmdOj94/xmC3naPCp//gYGO4Onq5/LOqeEJgBqEhK1BwIAAA==
http://knyttlevels.com/levels/Fubaka%20-%20Juni%20Gets%20a%20Food.knytt.bin,Juni Gets a Food,Fubaka,Small,Normal,Challenge;Misc,2,4413975,Help Juni reach a food before it's too late!,Ending,,H4sIAAAAAAAAA+2bz4vjZBjHM+sgWFkEFVk87MYs6Aimb5K20za0GWebcaYwHetMZaYHYdPkzfR12rzZJLPtDIIie/EkMgdBPCgI3tyD7kE9LF6EvXhwEQfUgwc9Cf4Lvkk7M2maDqvu8XkhafO8z/f7efP+4r3kvebG6sXMsxmO4y7W1/RN9ns5vOYfYfd7l7/8gONKXdLaCXYa66pJ+1nDoh2cHfZdLiyVpaFrmHs44Dt4lzhV4e9v7wo8sarCdqEhNdwa7pK1Qw9vHW60zMM9s2wJS1qmMlSZQR8HBj/s9xxfHVaFyFdl/8MwEvgoJdirCsthBb/TaPI16mG+kC2IpqTIfLGclQuFYlF5iVckOY8kGck5US6r+bwqSfy4CFqG3SueZaub+itjHHuqCt0gcFWEBoNBdpDLUm8XyeVyGUkKUhSRZYj+gRMYQ9Hxr45MTnx07JsecQNCHT58Njp0P6gKQoaPlfF79d1TkOOP+471IhoaLpKzEkoTWeapxt33elHTLBPhHu5jJ/CZTk7VuV0aUL9LZyBPq2eCWWsbjfPb2++nKv1g5WZwvtJvHbgYbWKf7nsmXrnJXuVqmlVAbDvdKayZ2XY8JDNkYc1Ipp3pKuxd1ZqHjYB6LUp72miWNU/6iK/VolnFL2wTx6ID/8UKSkrS3LDOLo0pC6JUEqVySy6xyajKkigtsj8xk1FmwqNBLWIfJD0UWZVyqqzEPWKZSQ+2fiwjMB7IJZ4b87FM1aZe3wg00jd2MXKd3Qo6C8YyT2eVWqM96rFmYS1XQWnhVFW9Vmt61CY9rPmbq9f4+kptUS4vLopKVo7bxPIm37fRUOuOHxiOieu6xgJZQiy1U8a5fLloiCXJVsRiLm+LpY4ki3JR7uRKii3bkhV1waR8ylqn5n646sbW1r+0jsmnrF/1CNsxjd7/RKTYTKHWiM8m7YE2sW6ivWwL35iMnlT0SLS3uYbn43DlVoWTpStMCUJNtAOohhnuipoZTXDWxInobBn5rwM4JZ/NGHSxc97CjGXNNvGpHQwMDy/vsp5+kD0jTTbV32jU4YnhQdPjczLm0+NZCTfHcC4wgBH1Nls9U7Fk/k44pr39qK6oSKwgObyPpfHqpLR9vrR9jvSs6nWHBJoyliTCMVW4g4/2kS122MDhqyVDyewmGeLejk7YivDDNuSksSZZkSpszxK2p4SjYYodCUbnDTQ+cLCzDjo97KRNrIdfAAIQgAAEIAABCEAAAhCAAAQgAAEIQAACEIAABCAAAQhAAAIQgAAEIAABCEAAAhCAAAQgAAEIQAACEIAABCAAeciQzNnng9ixqsJAWNLm0K/fcRz3mLvW9jnu8afCa4776ONLLPhEc721suqu37nzFXs6Ojo6/vmn93/5+g/2MBdsbmxxL/95bIdfJdb15dal++b1Tx5tXpib//DecbPZ1Od+2F58Zv7CC/NXFsQF/Z3bt75f/fH2Z7fefO6bymtvZf76vHDlt7ef5rg3Pn3y7vPC7zfCzxvrKxv6F9euv/sP4YnThSY5AAA=
http://knyttlevels.com/levels/Ble%20-%20Change%20the%20view!%201.1.knytt.bin,Change the view! 1.1,Ble,Medium,Hard,Challenge,1,65403,A mysterious castle,Ending,,iVBORw0KGgoAAAANSUhEUgAAABkAAAAZBAMAAAA2x5hQAAAABGdBTUEAALGPC/xhBQAAAAFzUkdCAK7OHOkAAAAYdEVYdFNvZnR3YXJlAFBhaW50Lk5FVCB2My4yMreRF30AAAAVUExURQIAAKqqqmBgYD09PXd3d0gEBP/FOe8bRqwAAACQSURBVBjTbZAxDsMgDEV/3KZzHOUAFHEApIo9SByAhb1T7n+EEtchQa0Hi8e3/5eMl1SQ7tFTKQXIGFFfeddoBeNudJKMsUSNei09eVmMuigdLtalZM+9IU7n3vqOjwtt2C55SKD/CdlVmkdN8F/SSS95jRxHblqgSiaoSxEq6lL/gFu7y8C8x/1QXyw1S58+qtkyT65yY4IAAAAASUVORK5CYII=
http://knyttlevels.com/levels/Ble%20-%20Timecraft%201.1.knytt.bin,Timecraft 1.1,Ble,Medium,Hard,Challenge,1,594990,Escape from the mysterious island,Bonus;Ending,,iVBORw0KGgoAAAANSUhEUgAAAB4AAAAeBAMAAADJHrORAAAAD1BMVEX/AP8GAAKnp6eXl5fb29uW+dKTAAAANUlEQVQY02NgGAV0AIKCAshcRiUlRWS+kJKSkgCytImJEZICRmUXE2cUvqChMF6+sbExhA8AFZcFERTM5AYAAAAASUVORK5CYII=
http://knyttlevels.com/levels/Bligglenuber%20-%20Deserted%20Rustyard.knytt.bin,Deserted Rustyard,Bligglenuber,Small,Normal,Challenge,2,8094403,,Ending,,iVBORw0KGgoAAAANSUhEUgAAAB4AAAAeCAMAAAAM7l6QAAAAGHRFWHRTb2Z0d2FyZQBQYWludC5ORVQgdjMuMzap5+IlAAAACXBIWXMAAAsSAAALEgHS3X78AAAASFBMVEVHcEwiFxVTHBglIyMIAACMLCGMKCFrIhtMGRGEJx4tEAxDMi/eej9SIBhSOS+pPyY5LisxKCnr6+ucVjkcOGjYwKbMrYvAYkoQpPG0AAAAAXRSTlMAQObYZgAAAXVJREFUKM9tko2SgyAMhIHwE0Chtfb6/m96m0StN3NhGJRvsgshLuVcz9n8S8J7d8VyjzY8Yry+fOXA12y6f+c1naOUduz5ceGb9w1f6SXVnI95YucvLKqqjPnFl3o54+btfP+D4S3LP+LfW7HS1pqK6+rck4hsGpXiNGBdmztyn48+hLc5a/Kj+znnuiwuzYwvpmdX3qQGSK4RMeflTV3zm9wfOGqk42Kq/hjUOKk27YorcEVFLPtBvKL6vsed4s/7LdmodcnM8H50Yoa3H3GPPxE0O3hBnElof3LAv2HL1nof2p2Cecd9V/HqhOJkd+/kFeNkSd5b8c3b1LfI5p2Lnlwqq944XKRti/h29tq4N1GACFtnRYrgaNl6no2sftZ3UpMt9qG9Boxs5k/48BpYJpKRPS5vGXOdYZnS8B/DXu6NqtqrJoxpwVDHnvV50ROtNdTDu65RX8r6vLD0OaeQ+eh5yRYsNc+Fpc9DRv7R80Fesqy/ZVQYX9EPPx8AAAAASUVORK5CYII=
http://knyttlevels.com/levels/Nifflas%20-%20A%20Strange%20Dream.knytt.bin,A Strange Dream,Nifflas,Large,Easy;Normal,Challenge,1,23730591,"That night, she has a strange dream...",Bonus;Ending,Secret Info,iVBORw0KGgoAAAANSUhEUgAAAB4AAAAeCAMAAAAM7l6QAAAACXBIWXMAAAsTAAALEwEAmpwYAAAAz1BMVEVHcEycmZabm5sMCgkKCAenpqWioqKdnJyxsbGenp4SDw4JBwYHBgUEBASbmpoLCAednZ2PfGulpKOTgHAgHBiBb1+mpqednZ2wsLCYmJibm5ytrayNeWYFBQSTioIFBAOLe20HBgUWExAqJCBqW015ZlWysbGys7Osra2dnZ2rrK2mpKJfUURcW1kPDAsBAQATEA6ysrKOe2p1ZVeXi36bjHwAAAAUEhBkV0mysrKdnZ0CAgGNe2uwsLB/bFysqqg5MiqHc2JIPjW/uLFhU0ZCOFMXAAAAQXRSTlMAKQ86+05gA/o5UgUd6bEO2O/9/v32Gm7m4/n8Sb2ArNeO/vn8/m3Nm5DZ4FE3xGl2vXDL7e3No8H//////////gtIIsIAAAElSURBVCjP5ZFXcsIwFEXlKgl3m9DBJmDqDJAeWcXIZP9rigUMbQeZnD/p6M7ovQvAvwZC+HABgqvTrJmN9RtrpNuG4ZwsXnQQJ+jFbqnj4HWgjd4mprkxjtaaI6JAyJ+14CCKso9kun+mdBgou+LkTB/NrYwljFasaVJqNgDQF4hcQGQdMcbKA1NpOoYAr8gNvB/J2jOxb9Z66AC7Q+58orQUx7Tngvb6TqN3IQWtZK7SngHsMOZX24+zXIi4lNNJrb9cgMOiKDnnhJdlXBSF/ySkFImYqJ87QF8WN/S64ei7+smnVT2YVw8GNb93sd0R1vRG6jU3HjWHY1dtTVuGpwdd/7h3x92Nt5/pzjg3omPLstttG7dOtUEnAIYb3PX52Ohf5xce8jl74a8IKgAAAABJRU5ErkJggg==
http://knyttlevels.com/levels/GTAfan420%20-%20Diminishing%20Resource%20(with%20fixes%20&%20touch%20ups).knytt.bin,Diminishing Resource,GTAfan420,Medium,Normal,Challenge;Environmental,1,489075,A heroic adventure.,Ending,Intro,iVBORw0KGgoAAAANSUhEUgAAABgAAAAYBAMAAAASWSDLAAAAHlBMVEVHcEwCAgIPDw8PDw8PDw8AAAAIAAArU5c7a8vr6+t/dO4dAAAABnRSTlMAF3dXL3f/ADDhAAAAXElEQVQY02NgoBNgFAISbAlAQlGAQcBFlYEho42BIciFkUGAwUWBbUZnApMLA4jD4JKR0dbmAtTBYGxsbJRe0V6mDGSAZBTYyssTmBjAyoAGpJcBDQByUIymEwAA2RAOWTgq3TAAAAAASUVORK5CYII=
http://knyttlevels.com/levels/Drakkan%20-%20Frozen%20Mountain.knytt.bin,Frozen Mountain,Drakkan,Large,Very Hard,Challenge,1,15494440,Make a way...   Version 3 FINAL,Bonus2;Ending,Bonus;CutScene1,iVBORw0KGgoAAAANSUhEUgAAAB4AAAAeCAMAAAAM7l6QAAAAUVBMVEURLFcgQ3koVJgIFDITMWEOJlEkTowXOGsxXaIeRoQuVo0NI0oXPXdJfMhTiM46ZaIKHEIzXJgpS3whQWw2ZK08a7FBc75Mfb1akNdmnuFFc7Ird6W+AAACPklEQVQozy1T2RYdIQhDRwXcd535/w8tt62P5ARCiAAIiiIHsE94KrhFxByjcY46Aphq+bALAE+tj3V6atbIRqnujZUi+EyrWuHWaiMTO4qASrVuHpC6zznVIPBTAzfNKkJQDr2vAofg980W0dQHq6PJUWFQXnlvH3gA2vcmYIzPo4LAEY0xruk+QvjB9L0L2EmvEX3zGOVx5/aXbQ2Vt9nu8XlGO99ypLVWvQ/1n11uD6qP5zH0LT1LcQiOcFiBDVC7nv2QHRlL6XM1mU4bUQWoaEu7e/lhHxsjFb3JR8S2AcWs0Nt7cto9Ruzk505pil2mC6yMGNDee1YB6aXmSmmnqeoToBkjwgKo935lQWReO+010xzW2oDw0x3wvIf8haZcTjQ15R1txWD+sg1/b/b4AqHOSe6lc0YED9GbIFt3n2+zN3igvPaKnK9SUIwroVYA5nM3HOOgnJnaWjnHaD2Ip8I2Dvc67rPetCP27ZmTMlb4hALbiLT8V2wz/lt3JDq5j9FtSe7nOKq5FRVg28659qPz4QjDlpvFtWHGXG7OXzxuymrRKQahz33SHiCZa0VC4CWaOV0+62s4YJSvpNNFuVJaCyYZFTgmkqACjPaJUg8gKGnm7WnldMxprH9RbOUfW6Ir6dDTa703YfLMBmwfRS41wPKPHFEa6LmXSQ6xBttLfn/swT82o5bpNLvJCuVepqec9yfKObLTDp3TTBNjUlF+xkg33/v9lEeRXVBpxylFzFF+Vq0yOefS/wCuZyZlqJ8+IQAAAABJRU5ErkJggg==
http://knyttlevels.com/levels/Anyndel%20&%20Drakkan%20-%20Gaia%20Rev2.knytt.bin,Gaia,"Anyndel, Drakkan",Large,Normal,Environmental;Playground,2,32105314,A whole world to explore.,FirstEnding;apartmentending;TimeWizard;PaintEnd;manticoreending;ratending;ghostending;cakeending;Evilcastle;godending;wadfending;Ending,ufonotending;newcontinent;oldcontinent;gaiastory;greenpilgrim;emptybook;niffstrangedream;niffunderwater;loretodrakk;SleepToNight;SleepToDay;drakktolore,iVBORw0KGgoAAAANSUhEUgAAAB4AAAAeBAMAAADJHrORAAAABGdBTUEAALGPC/xhBQAAAAFzUkdCAK7OHOkAAAAhUExURTi08ARmbf///w95ixB/nQpvfR6GlCWPpWLCxjmjuJz6+zuR7MUAAACiSURBVBjTY1BCBQzU4TMwMCHzGVxcHJgQfAUX47QUBwSfxTjUvCydCcZXcI4IFEw3doDxWUwzEgXFik2YYHyLrg5BwbQUKF/BORQoLyha5gDjB0oIAkFaAZwP4gqGT0DlB8P5oUCeaGgwVL8SezJQQWgy3D72ZNNAwTAEX6HM2FAwGOE+JfY009BgEyaE/8rTkk0ckP1fXoLsf4zwoXr4wwEAvSlG4E3LHM8AAAAASUVORK5CYII=
http://knyttlevels.com/levels/dessgeega%20-%20Fossil.knytt.bin,Fossil,dessgeega,Small,Easy,Misc,1,270352,Here the flowers grow big.,Alternative Ending;Ending,,iVBORw0KGgoAAAANSUhEUgAAAB4AAAAeBAMAAADJHrORAAAAF3RFWHRTb2Z0d2FyZQBHTERQTkcgdmVyIDMuNHGFpOEAAAASUExURQAAAFRUVMzExABYAACoAJQAjP5QBikAAAB5SURBVBjTrdHNDYAgDAbQD3EASlyATsCBATy4gbL/Kgo0IERvkIbk8dM2AOoHphhIUQ3AoSykyYiVGGKMdtmmWg1e/k3NxMyO7DN/92ug5bzkX0Po8ul4dg7x8i9T3S/9Ur0vNtpnL1J/24ud+LA+1ef2fpZTzPiPG45pGtTxW3KhAAAAAElFTkSuQmCC
http://knyttlevels.com/levels/Jeppo%20-%20Luminous%20City.knytt.bin,Luminous City,Jeppo,Medium,Normal;Hard,,0,1997456,You must Return to the Luminous City.,True Ending;Ending,Begin;Fall,iVBORw0KGgoAAAANSUhEUgAAAB4AAAAeAgMAAABGXkYxAAAACXBIWXMAAAsSAAALEgHS3X78AAAACVBMVEVHcEwAAAD///8W1S+BAAAAAXRSTlMAQObYZgAAAEdJREFUGNNjYCATMDJCGWxuDhAGaxiUwbYKncG4DMoQWxUAlYpCF2EMWwI1UQrGiEoRgEhJLnGAMpY6oKkRDYEyAkTQGaQDAPAlDSRl2R6BAAAAAElFTkSuQmCC
http://knyttlevels.com/levels/Nifflas%20-%20Gustav's%20Daughter.knytt.bin,Gustav's Daughter,Nifflas,Small,Hard,Challenge,0,1642374,...is locked in the storage room.,Ending,,iVBORw0KGgoAAAANSUhEUgAAAB4AAAAeBAMAAADJHrORAAAACXBIWXMAAAsTAAALEwEAmpwYAAAAHlBMVEVHcEwIAAAHCAAAAAC1pRTStphDQ0NjY2PPvifszjv+LCqrAAAAAXRSTlMAQObYZgAAAJRJREFUGNONjjEOwyAMRW16ATxEXZGVod2QegOLC2TgAF3aObfIsYOhtDhDWw+g9//HH4Cfc7N4gniQokpjAAzHJoGVDvBto7dPiGDciER+sAvWwCc+Zesvi+minP3ImK2PE1l+rnoxdz4ruy2FXqB8YRauGXwoX4NLKUnle2NhkfoBrZ9L3jVGPUo6dKZXn3t3/j87j9sR4zDlYzUAAAAASUVORK5CYII=
http://knyttlevels.com/levels/Nifflas%20-%20Tutorial.knytt.bin,Tutorial,Nifflas,Small,Easy,Tutorial,0,45452,Learn how to play Knytt Stories!,,,H4sIAAAAAAAAA+sM8HPn5ZLiYmBg4PX0cAkC0nIgzMIMJE/KbZ4IpDgLPCKLGRi4hUGYkWHWHAmgoEGAT4ire4EPAxK4ePFiWVkZkASygQyIyMqVKw8dOhQVFdXU1GTu2JMFMrAkyC+YwUtPZlnNxGU1i+VcOICClzxdHEMkLtf27+ZtNhBo009hdPI8mszoYtYhpCm9gRGIgtIMWCednsP77mPRzs1nlTU/if/5flLmBzODRbzlhqX7gvOuHlu56VrSniSXNTpq2vN7oi5I7dwYNuXliS//6rfF90xR3t8qwO7mZPjGxri/aL/8+/XfVwuf0J+js8idc++ZIrtvX1vYHj84flVQ/WB/9w2Pw2+yXj4wPflguegjZim5E/O7z8ta27/9fjfB9vL3aqk988v+52d+qIvR3dLMUxdzZDFP3ebH8/Se/Q3aHi8eGlsQM/XDZH4e0dW3HJ/+2Q4KG09XP5d1TglNAL/VWo1xAQAA
http://knyttlevels.com/levels/Vegetal%20Gibber%20-%20The%20White%20Elephant.knytt.bin,The White Elephant,Vegetal Gibber,Medium,Hard,Challenge;Puzzle,2,2480680,Legend of the sacred elephant,ZenEnding;Ending,CubataDeath,iVBORw0KGgoAAAANSUhEUgAAAB4AAAAeCAMAAAAM7l6QAAAACXBIWXMAAAsPAAALDwGS+QOlAAAAOVBMVEUAAACVlZXx8fF/f3/m5ub5+fkTExP////c3NzNzc22tralpaUkJCRNTU0yMjILCwvAwMBeXl5ubm6RGYlcAAAA8UlEQVQoz82SW5aEIAxEAwQqgDx0/4udgPg4072Azo/HXFMpCol+uFr0bjwPs833sG3hoQd7RiVKgK+VHEOLTVt440acqSjVfsYqWxaPRBJ1OO8dSBeG3+8FigVp6D4YNrywPXsvDHdjoXi2WB4cr/UCNzxxEnR8yq8RC9v9Q9MKYirvgNj3alWsk9YCH3dbgli+mJrYzCneTGwU81hyj0cYMk+41eoif2N1U8gt6+YoMkJ6QpVx7NBX7vl0oZp171Gi5Fcqd1nI/MyDv2GBnbirM5QP3MEzCacJqfP/xQsn7983dv1W1zW0FrIxgX66/gADLAtsoXnL/QAAAABJRU5ErkJggg==
http://knyttlevels.com/levels/A%20ClockWork%20Lemon%20-%20Adventures%20in%20the%20Void%20V6%20(unfinished%20and%20never%20will%20be).knytt.bin,Adventures in the Void,A Clockwork Lemon,Medium,Hard,Challenge,2,226885,Welcome to the void traveller.........,Ending,,iVBORw0KGgoAAAANSUhEUgAAABgAAAAaAQMAAACXcQ6wAAAABlBMVEU0EWBuPas1j2GxAAAAZUlEQVQI12Ng4G9gYDxgw8CkzsTApNHCwPxiBwMDOwMD8wMGhgJ+BobOAw0MXYoMDL/0GIDqGBh+MADlDsgwFCgoMXQ4KDF0N9gxFDCAgB3DByDJwSDDIMCuxPCAYxGQM4cBaj4ALJAUQE3MrasAAAAASUVORK5CYII=
http://knyttlevels.com/levels/Drakkan%20-%20A%20Walk%20in%20Sad%20rev.knytt.bin,A Walk in Sad,Drakkan,Small,Easy,Environmental,2,8764768,Just a walk. v1 revisited,End1;Ending,,iVBORw0KGgoAAAANSUhEUgAAAB4AAAAeCAMAAAAM7l6QAAAACXBIWXMAAAsTAAALEwEAmpwYAAAAQlBMVEX///+3t7fm5ubAwMDIyMjW1tbPz889PT3///////+tra3d3d2ioqL39/fw8PCXl5eLi4sFBQVXV1dra2t4eHgmJia8AYXvAAAACXRSTlPx/////////uFVm0AvAAABuUlEQVQoz32TV3akQAxFrciUpIrA/rc6gnYH+8wZ8UNx6wnFrz9f/7GEpdTysNpKcS2tvCxvPGktdaBocBd53k/8oNg6VRqGndkMPtSXtSM/swk1RAbu2Nobu3fp0ZQRVNmwqjC/MbIwSm0cEETRCUn6pb9xDWVw02SL1XtFEQqWlzp9QVV2pQP2vIwN2Q2/1WhohzYlLWtHJ1AvkiFcOCM6KAjHTp3LiEKq5uWO7co7xN0NLNZeyjhMG2M1aSF8OW9m6a9LqauXNVAVsAjUAL1wKLplLpn1mQ+gGpFTajyxWFhxUCbSNZdcZ2bP1O1SK/RUs1IcZZ9IIGOHEsMR2v1vGQNU1FbM5Q4+VEavWecLV+t9PwLF1pznea61xjHYO1u9Q2PGse2H7hPaBpG+IHPH76K2LAHDvm3nwtg4wyT1gOHPcbAOvafYPLKC3BQ4354d807ZSjinAdkxKEJUHeqzoUUDKbYJJNph9BA0ivoapkpquGZ4zoWRoIrw56wVzr/PrdTsB181qD9GMWdcfE4A4HE1/tek3rbPs7mj/HMNStE5reEb3nl/nLa5Hvvyxp8ruOb2awX/AvVeG7DTEl9IAAAAAElFTkSuQmCC
http://knyttlevels.com/levels/dessgeega%20-%20Under%20the%20Crack.knytt.bin,Under the Crack,dessgeega,Small,Easy,Environmental;Challenge,1,20518,"A mountain, a waterfall, a river, an island.",Ending,,iVBORw0KGgoAAAANSUhEUgAAAB4AAAAeAgMAAABGXkYxAAAACXBIWXMAAAsTAAALEwEAmpwYAAAADFBMVEVrc1NBQUHEz6GLlW1R1pfAAAAAcklEQVQY03XMMQ5AQBQE0FUolAqXcIolKhWJUSgcwH1WvY2EfzpHYM2uYsU0/yWT+UoYq56zBuAXBxbCYIpgQ2WLFzOxpzgDuhtm3EAAESyx3GOPPdUOk0jyonFoP6hF8sFBl8K5VhkxqIKfUcGjD2C6CyFIbjwXb7DOAAAAAElFTkSuQmCC
http://knyttlevels.com/levels/Razzorman%20-%20Lost%20in%20the%20storm%20v2.knytt.bin,Lost in the storm,Razzorman,,,Environmental,2,589944,,Ending,,iVBORw0KGgoAAAANSUhEUgAAACQAAAAkBAMAAAATLoWrAAAABGdBTUEAALGPC/xhBQAAAAFzUkdCAK7OHOkAAAAYdEVYdFNvZnR3YXJlAFBhaW50Lk5FVCB2My4zNTDus58AAAAVUExURTk8Ry8zRUNESSg0dCIsYyREOjNgUt8DsyAAAAC9SURBVCjPrY3NDcMgDEYdJsCH9IyygtnAdIBIJRuQ/UeojQn54VSpjwg+PxsCywD8T7mLCotzEHRJqBFkq1FDcLKbPlH3E1M7/XTgvQdL4BuoGbWFk3woeESQJAfmnFeZVguo3TkrK2JTNnPKu8pdzaN6bXtRsZXb1F62Yo9BUvpFLUyldxWf1BWTNew0xcQUE9GptC0rcry8VYkpPVUD4qjoXjMRUPtPRQtTFR14qM6gWBTHS8l9KmrjaH0BG+ZpOEzMWQwAAAAASUVORK5CYII=
http://knyttlevels.com/levels/Zaratustra%20-%20Knyzarro%20(2017%20Reconstruction).knytt.bin,Knyzarro,Zaratustra,,,,0,5814879,,Secret;Ending,,iVBORw0KGgoAAAANSUhEUgAAAB4AAAAeBAMAAADJHrORAAAACXBIWXMAAAsTAAALEwEAmpwYAAAAFVBMVEVHcEwIAADr6+sPIz/YwKbMrYsjQ3/R7htMAAAAAXRSTlMAQObYZgAAAEdJREFUGNNjYKALYBREF8AvL6QkgJ8viKpBSNEQ1TwlND6avGBgMrKBjC6BZqj8UDEUC0VExfCqFxQ0RvWOIKp7BQUZBgYAAGd7BjT1n4Y8AAAAAElFTkSuQmCC
http://knyttlevels.com/levels/LPChip%20-%20The%20Explore%20Challenge.knytt.bin,The Explore Challenge,LPChip,Medium,Hard,Maze;Puzzle,0,14707133,How well can you find secrets?,Ending,CutScene1,iVBORw0KGgoAAAANSUhEUgAAAB4AAAAeBAMAAADJHrORAAAACXBIWXMAAAsTAAALEwEAmpwYAAAAJ1BMVEUCAAEcGGwcGWgQBx0oIGY4JWMdDzhHNVwrEE7////TuJr/AIBdQlXGB7irAAAAr0lEQVQY043PoQ7DIBCAYZIliFZx4QHGpQ9AMjmzNNTPNNg9AslETXXfoL56qn6mj7YjKR03zFB8+Y8AQtHS/bDN00XEFe0Kj9x+LLqQrNPusHb+aTNTl/a1MFeV5M66LudPj0XmPdj1+x4gXw8biLbvfd4og64Pot4NSpGHOnVAw4wA6LphE1PqiE3nQ/q/MUjdh9QRARu6YD6MceCeu3WOmQ7cmNuGG9sf4/lPfwDmw0z29dTAWQAAAABJRU5ErkJggg==
http://knyttlevels.com/levels/Yohji%20-%20Pestilence.knytt.bin,Pestilence,Yohji,Small,Easy,Challenge;Misc,2,1844029,,Sp_ending;Ending,,iVBORw0KGgoAAAANSUhEUgAAAB4AAAAeAgMAAABGXkYxAAAACXRFWHRDb21tZW50AACJKo0GAAAACXBIWXMAAAsSAAALEgHS3X78AAAACVBMVEXkXhiNFwTYXziZE0w0AAAAH0lEQVQY02MIhYAABjowVkHAAqopxlTTAQENCBFSAACB10tqejKvMAAAAABJRU5ErkJggg==
http://knyttlevels.com/levels/UncleSporky%20-%20Don't%20Eat%20the%20Mushroomv121.knytt.bin,Don't Eat the Mushroom,UncleSporky,Small,Easy,Environmental;Misc,0,8089032,Although it may be tempting.,Boring;Detox;Sleep;Island;Ending,,iVBORw0KGgoAAAANSUhEUgAAAB4AAAAeBAMAAADJHrORAAAACXBIWXMAAAsTAAALEwEAmpwYAAAALVBMVEVHcEwAAwDTZhdlMQuXSRHytIhrYg/o6OjYwKDIrIizpBkgQHjr33AIGDAQKEjYEh+vAAAAAXRSTlMAQObYZgAAAKdJREFUGNNjYBh0gFFQAEgyGxtA+YKCgkDSSMkZwuV9COEHqUAUSF+c0QhUrhoKVSAtKSEA4asYQ/gQ+SAlFReQgPRDEN9ISUlJRckFaITcxokCDMxKLi4qQBEgn/FhIVBaNcQJyAWZyHgdxA8NVQVyQTYyXiwXAGtXhriQUVAcqN/Y2NgqAeJA8XKQ+xmyVi2D+QdMsa05BuVDKLYzx1DkGdISaBCYACgxIF8WBdeQAAAAAElFTkSuQmCC
http://knyttlevels.com/levels/Ranger%20X%20-%20The%20Life%20Ruby%20(v%20Final%2003%20High).knytt.bin,The Life Ruby (v.F03),Ranger X,Medium,Normal;Hard,Challenge;Misc,1,40942737,Raiding Ezuma's Temple,Ending,Spirit03;Spirit02;Spirit01;NimoSpirit;fin01;fin02,iVBORw0KGgoAAAANSUhEUgAAAB4AAAAeBAMAAADJHrORAAAACXBIWXMAAAsTAAALEwEAmpwYAAAAMFBMVEV7X0KpknxxVDjG2vStmoYIAACdhm+9qpeFak6Te2LJs521oo47APwPIz/YwKYjQ3/e4SmPAAABNElEQVQY02MwZuHg0pSoSNhgDAYMxiycXI0SThMKYHx2tq62GUVIfKB8RkEGnM/N2T5NogBZPdc0gQUJSOrb2yRR+FxtEhUo5jGKhgYg+JpabaGhoXD3qLNp9V4NDYXLq7BxxV9d9xTZvviouAC4enYOlvgoFHkWkHqEeRpcsV+XBhTB+ZxcU68enbAJrr6hpfXOUQY4X7189dKrZ8JhfCUFhRlTQ2MClJSUwfzd25dXrYo5E717N9gGBgWGGR0zY84A5RnA/PKqqqpVS0NX7d4OdhEDQ0dHx8zWjg4GBoi8EgiohipBAYN3oreg2MSklN2OLo5iKd4MIo6OjtOmJSUKOnqLiIk4MqS4OQqmTUuaJrJbBMgQZNjukiIiljlpmsgWQUcxEUEGkS0pghC+iKCgiyMA3PuC2oRgCmwAAAAASUVORK5CYII=
http://knyttlevels.com/levels/shawnachu%20-%20Natural.knytt.bin,Natural,shawnachu,Large,Easy,Environmental,1,2340467,The neverending map,Ending,,iVBORw0KGgoAAAANSUhEUgAAAB4AAAAeBAMAAADJHrORAAAACXBIWXMAAAsTAAALEwEAmpwYAAAAKlBMVEV4aFZRXQ+AQAAAAACSuIlRfA/g3BP/X1uViUL/1RX/Nl7//wD/g0mqyGoBs6ZOAAAAjElEQVQY02NQUmZAAYOBn5CQgMxnO3asDJnPXVOzGoVfXoXC55i+agYDGxsb3LzOmQ0MOTnpCTA+xw0Ghu3HT22A2+8A5JevQuF3Vq1sQPAdGDhmzkC41wWIexvgfKA0AwMLwv0saHwGMJ+FAdk8FrAiJPNc0NVD+cLGSICBQVE0FAGCgXxBJCCMwQcAzEEqO7vvNRUAAAAASUVORK5CYII=
http://knyttlevels.com/levels/Imaddo%20-%20Knytt%20on%20the%20Moon.knytt.bin,Knytt on the Moon,Imaddo,Small,Easy,Environmental;Maze,2,6644001,She's so bright...,Special;Good;Chain;Mars;Ending,,iVBORw0KGgoAAAANSUhEUgAAAB4AAAAeCAMAAAAM7l6QAAAAGXRFWHRTb2Z0d2FyZQBBZG9iZSBJbWFnZVJlYWR5ccllPAAAAE5QTFRFOkKT9Ll+/MaKU1OWAAAABwAA/tOYOkKWO0OazMi84qRqa2OT6+vrl4GOyqiN/t6l1r2jsZWT0pJY68OWDBQkfHCWCAwYFCA+3q+HwI5syOKGIwAAAQ1JREFUKM990+tyhCAMBWCScCsICKjrvv+LNnRry6Lr+ed8nMDAKORthPy6SWPRhfoPMfAabphyDeIj+4g7fWRfEYZyxzRrAC8U54qDRthJqTf/Yw+IELflgo0xIrDC87GpOM/KHPllQTvy8O2hour0YONR66SZr9srs2bmvS/YBATU4NTSxp+HB1dQu9IOPjHLgVdXAEt5Lo2VPB3NOQTn3PJqc2zPFIEVll1N02lvy9cCrhSQyPzy/7bl8HTeXkNtdXvkYGMDT2fGpKSSI1tLGfhVEFOSq5UnNuzIF8uReaWRW7+mlNrd6zrn4OmdLa3xpZya/dD+WZBjrTXG7Mmeua0gT0T90e5/ott8A2luFsly7D3UAAAAAElFTkSuQmCC
http://knyttlevels.com/levels/Mystery%20Wolf%20-%20Evil%20computer%20OF%20DOOM%20V2.knytt.bin,Evil computer OF DOOM!,Mystery Wolf,Large,Hard;Lunatic,Challenge;Puzzle,2,13355209,Fix the computer...OF DOOM! (V2),Ending,,iVBORw0KGgoAAAANSUhEUgAAAB4AAAAeBAMAAADJHrORAAAACXBIWXMAAAsTAAALEwEAmpwYAAAAFVBMVEVHcEwIAADr6+sPIz/YwKbMrYsjQ3/R7htMAAAAAXRSTlMAQObYZgAAAEpJREFUGNNjYBgYICiIwmUUFBRA5huj8hmTRV1Q+ImBjijaE0Nd8Ko3E0W1T1hIAJWvhMYXUkRzLiqfUQk/nwHVOwwMAgz45WkFAKmVBo7qdhLWAAAAAElFTkSuQmCC
http://knyttlevels.com/levels/Si%20-%20Remembrance.knytt.bin,Remembrance,Si,Large,Normal,Challenge,1,45072556,A tall tale of technology & mysticism...v1.1,Ending,,iVBORw0KGgoAAAANSUhEUgAAAB4AAAAeBAMAAADJHrORAAAACXBIWXMAAAsTAAALEwEAmpwYAAAAElBMVEWE0PAAAAD/7QCIfgA1Mg3////1hXyuAAAA+UlEQVQY00XQgbHCIAwGYLqBIXEAggwQogNEmQB1/1XeT60+es3d1xCSkjYiGTJijJAgSps4/daVUhI/1u3p19MyEuyGuLyRDdSqIDJMtvIDD/JGidXmaOKByKXCNftuL13he8NR5oxDmz4SR3+xwBZ9LpeO3jgFsVtNEt7Vuj5Z1W0koq7K2qapKvqlDWWM+eBpaXfFj5F0nbScp10w7J1bieWoWdcqjXc/zkBbXw7nqfrG+81T+dxO/pr2eqXdibPuG1B/Wt5cL7gd+YyzNvT5PqPJ8/QxeW/u0+2wyK0w6VV+dqVc/x3hpVq8vh6DzER+ftBgibz8B0adOmu1EWfqAAAAAElFTkSuQmCC
http://knyttlevels.com/levels/Pip%20-%20Skyfalls.knytt.bin,Skyfalls,Pip,,,,1,104199,Explore the floating city of Skyfalls,Ending,,iVBORw0KGgoAAAANSUhEUgAAAB4AAAAeCAMAAAAM7l6QAAAAGHRFWHRTb2Z0d2FyZQBQYWludC5ORVQgdjMuMjK3kRd9AAAACXBIWXMAAAsSAAALEgHS3X78AAAARVBMVEW/u5XMzEs1MiOxoW///9iDmwzj478IAABCyP+14P/y9/qAdEtzhwqjkFtqWy+dm3bTt5rIx6IrJhAPIz/cyYxdUDEjQ39AM83XAAAA9klEQVQoz4XQC5LCIBAEUAJsJnwlRPf+R92GIUBK43bFVMMbKFVsXyO2bUXu+VF4/4e11t94XT8OzEzILa9E7z74OCrrz0y/B6WUSF++g9jcjigwJWKdHCyQhyh8nu5uJsbleyIx3JiJj3I7oZ9sZoaTLSp4ouqFbefi5v307BeWsvwnlmRL5+yQKP2Cw4NzbuyXssK7cVn7pXPmNT64nSueC/MEyV7xFLVg1MZEtQ61YrkL889diloRc0R83fGjxsjs+HfXzdird445vALiYt3jGr2PITA/XwoJDmdi4IoBp54zq4DjTnHFQADbiZXzPih1DqjGf6EzGljdZ/IkAAAAAElFTkSuQmCC
http://knyttlevels.com/levels/DaveGermainGames%20-%20Key's%20Curse.knytt.bin,Key's Curse,dave.germain.games,Small,Easy;Normal;Hard,Puzzle;Challenge,2,5335321,Some keys are a blessing...and a curse!,Ending,,iVBORw0KGgoAAAANSUhEUgAAAB4AAAAeCAMAAAAM7l6QAAAACXBIWXMAAAsTAAALEwEAmpwYAAABAlBMVEX///8GBj/ipaUJCUn///+dnbliAAD///////////91AAD29PdOToyqqsVZWZXsrKwSEk0mJmT++/uAgKfIyNh3d5saGleXl7SOKipPBgZrBQU7O3Hk5O7TBgbrbW1qaqC/AQGNOTnZkpKkpMAICCz55uagAADs7PP3+Po9PX6zs82dDw/z0dEtLXORkbm/v9dsbJGMjKs0AAAAAA+RAACiU1Pdmprw4OCCAADZr6/CZ2fSpaXmx8fU1OLvt7fkTk7INjbZICDgCAiwRETLgYF9IyM7AgI2NlcRETewX19QUH6qMTHn0dHabm6tAAD86+vziYnXR0eZR0fiOTnb2+jffHyOj9vyAAAACnRSTlPt////////+9zye4QxlwAAAXxJREFUKM+l09dygkAABdAFFywgRQREpAn23nvvGlvK//9Klrxk1KAPuY+c2TvMnV0QAE8SAEH4JEEAnjF4xf4/v1P2KCHmod89nMg8cELlc7yAjsMRXcrVsvdOcJJKIU4wxqhCi5FbzfAcx+0R55kohPlc9LY7IyFWEQs0Eru0l8M2UasJolitVmlss3UcZ7sRAUMLMGOoTqPRwCTeh8JJtIRhPgyFB2W3vMyrctgNQciyTAiqQKDYRBRU3PJyKe+xC2UYlUqOiXgw/DQYpkx5reqHWeoRU7sBu1j+jFrExw/VqUM3XUi65bhpmtPOvffjodUb4qJ2TRVn07vRU3GSJC3El/kQwos2+KVIpNMbxhWSXHUocJ23IdTNQqu/a7XeLSuGUlCUdb1eXysWmGpHeJ4Vuul0s9tMh9w0tZBCuu3xGNDn6A/002EwZlkWx9vtZDJ5XCxxFLZXBGOtB+HkNPQadTL70s2+52pn/WPCeqj/n/f8xSN6/gS/AQUSMvsr0OomAAAAAElFTkSuQmCC
http://knyttlevels.com/levels/Christian%20-%20The%20Extinct%20Bird.knytt.bin,The Extinct Bird,Christian Schnellmann,Medium,Normal,Challenge,2,22580220,,Ending,,iVBORw0KGgoAAAANSUhEUgAAAB4AAAAeBAMAAADJHrORAAAACXBIWXMAAAsTAAALEwEAmpwYAAAAD1BMVEVHcEy8uZb9/PO8uZbo5Y0v1d+BAAAAAnRSTlMAlm//+0kAAABuSURBVBjTrZDRDYAgDEQhLGDCBrUDiHYC2v1nEppIix9+GO7v8q5N7kJYonwVb+MJ++YxAJQJgw8kbB4Oi9c6HZDy3c6VjwdJlI8HSerLL+HoeBPK4yMJIgiPQiRdbH3UW5/YA+wGyiRcPvb8rxtLmxmjCiI5GQAAAABJRU5ErkJggg==
http://knyttlevels.com/levels/Chezzy%20-%20Kavez%20v1.1.knytt.bin,Kavez,Chezzy,Large,Normal,Challenge;Puzzle,1,4981097,Explore the ancient Kavez Ruins,Ending;Ending2,,iVBORw0KGgoAAAANSUhEUgAAAB4AAAAeBAMAAADJHrORAAAAFVBMVEUAAABKSkoxMTFkZGT/zAAZGRl4eHhmNW04AAAAhElEQVQY063RPQqEMBAF4Gli7w/2M5ALbEJ6cdk6CPayUe9/BB1jSGJjoa/7mvcGBr55oCvTNC+ZiFKTHAeMrqQFkZgsgKBoCXuGqzG4Oiyi7UP7Psr3jgPuPOdudexj1xp+67nHdhp6tQZjqdjq7y2CP8Gtt5mYxYK1tzJsZ9DtvvxzA4sjMRbAgjZlAAAAAElFTkSuQmCC
http://knyttlevels.com/levels/Pick%20Yer%20Poison%20-%20Outer%20Reaches.knytt.bin,Outer Reaches,Pick Yer Poison,Large,Easy,Environmental,2,33524727,Journey into the world.,,,iVBORw0KGgoAAAANSUhEUgAAAB4AAAAeBAMAAADJHrORAAAACXBIWXMAAAsTAAALEwEAmpwYAAAAHlBMVEVHcEzE6sS/3r9/039/vn8AAAC/v79/f3+e3p6ezp4iJlV8AAAAAXRSTlMAQObYZgAAAP9JREFUGNNVUNttwzAM5I8GIAH2XwI4gbxBPIBdl0b7F3/IK9SZwM4EbrYt9WiKELiPw53uSEEfYzR0J6K/AkB/MW44iTDzLouG3WPhsRn2UPXYDHvwlTfDTqHxatgxlPwW31tf0Vt8d67r+tIPdZ79jT/71zL//VjmpR8pwHHcHxm5HzHA9994CkQEFN5y7OLRm4Gg/gIsdp4ZEFidc+pURqLgCTg5B4NbWHK86a5w5XfvrQKSazqH3AL5bdE5bI+fA+ra18V23Wxt4JEVxzTPs37qxwXEjMIJhmHYpq4HMV00gQ6mT8aFUaTotzh1wMLKkozql04Rypn1hpv9zC/OMl3xrFcLnwAAAABJRU5ErkJggg==
http://knyttlevels.com/levels/Grimwit%20-%20Cliff%20Hangerv13.knytt.bin,Cliff Hanger,Grimwit,Medium,Normal,Puzzle;Maze,2,576446,A quest on a floating isle. v1.3,Broken;Ending,,iVBORw0KGgoAAAANSUhEUgAAAB4AAAAeBAMAAADJHrORAAAAGXRFWHRTb2Z0d2FyZQBBZG9iZSBJbWFnZVJlYWR5ccllPAAAAC1QTFRFR3BMraSzc2J4npakpZ2rtKy7HRkefG2AAAAAXlNiaVtuwLfGSkRNNy84kYqXTDC/LgAAAAF0Uk5TAEDm2GYAAAEPSURBVBjTlcyxSgNBEAbgfYXVywtss5B2D7GQgyUD6YQtFgJ2KVKINttc8AGOERIIVsJZWaiQFxCukVwTrcQqfVp9B2d2k8OUTvfx//ML8c+b/L3PQ1+/CVEGXZalDupRq3IhBCJOPkIISoWgkxGvtApKq844U1xgb01xs0G83OdbY0zxhLgKKT8zbWuKe5xT/5ncss1wg18q9tucnMM3TaquD3C+xrs+25iBMWDhB8cxJw4AZDbEWcqBSfdSKd7PASAj2hNcsYkge97JIxzrvT35GG916lvKvZTr+e4/o9w7N62ic37nO612ezZ5hGwb531d16/R8iE79LskX3R2zkrnm3q5TO7JmDdNM+L9Xx9PjkaWO/nsAAAAAElFTkSuQmCC
http://knyttlevels.com/levels/Farik%20-%20The%20Hunt.knytt.bin,The Hunt,Farik,Medium,Normal,Challenge,1,10389845,Nowhere to hide...,Ending,BoatRide;BoatRide2;Boatright;Boatleft;Island;flower,iVBORw0KGgoAAAANSUhEUgAAAB4AAAAeBAMAAADJHrORAAAABGdBTUEAALGPC/xhBQAAAAFzUkdCAK7OHOkAAAAJcEhZcwAADsMAAA7DAcdvqGQAAAAbUExURUsvEAAAAHRHDGE8CpkAMP///7S0tO0cJP/yAN5AY5oAAACsSURBVBjTnZFBEsIgDEXD9AIEOuoScgJLeoBW0b2H8ACuXLvz2BZooO4c/yLDm5eEGQD8DvzBoMpRFdYhN+nOFQYIyXQuNSSlOfNR5jXAWsS7taz3QY5qnmlJ9XpAS4h1Xze8LR1eQVV+Wto/GjMG8pYah7Rvw2Yh03hgS9ZvPDL7jWdGNHVe83iJ8RrJCc93xN3tJDxi5l54LoyT+D6miEc4c8qk2nvl/PI/H2jBKHgMSDgRAAAAAElFTkSuQmCC
http://knyttlevels.com/levels/SecretGlitch%20-%20Dark%20Sea%202v1.1.knytt.bin,Dark Sea 2 v1.1,SecretGlitch,Large,Lunatic,Challenge,2,25807933,Voyage below the bottom of the sea.,Ending,Cutscene1;Cutscene2;Cutscene3;Cutscene4;Cutscene5;Cutscene6;Cutscene7;Cutscene8,iVBORw0KGgoAAAANSUhEUgAAAB4AAAAeAQMAAAAB/jzhAAAAGHRFWHRTb2Z0d2FyZQBQYWludC5ORVQgdjMuMzap5+IlAAAACXBIWXMAAAsSAAALEgHS3X78AAAABlBMVEVHcExAQEBpFQcEAAAAAXRSTlMAQObYZgAAAClJREFUCNdjYCAWSIAIzgNQgv///wMM9v//v2CohxI/4MQLiARYCXkAACBTG0Mq8m6FAAAAAElFTkSuQmCC
http://knyttlevels.com/levels/dessgeega%20-%20The%20Oubliette.knytt.bin,The Oubliette,dessgeega,Small,Normal,Challenge,1,2539930,Listen: the gentle tick of the mechanism.,Ending,,iVBORw0KGgoAAAANSUhEUgAAAB4AAAAeBAMAAADJHrORAAAACXBIWXMAAAsTAAALEwEAmpwYAAAAHlBMVEW7sJionYixppDGuaAAAADOwKackn7WyK3h07b05caJ5ZmxAAAAf0lEQVQY02NwAQPPmVMgDAYy+Z0tKHyPDpL4HhUVFSUIvns5CJTA+eUQAOeHQgCU7xoKAyEgvrMxApgA+cbIwIXBgQEZsGDyFZhQ+E5KyECFwQWFDzTfURABREDucUTiQtwrBgaCcPenpSUCYRqc75YGAimI8HCDcWHhBQek8gHRuG0lF3wyFgAAAABJRU5ErkJggg==
http://knyttlevels.com/levels/Drakkan%20-%20Frozen%20Mountain%202v6.knytt.bin,Frozen Mountain 2,Drakkan,Large,Easy;Very Hard,Challenge;Environmental,4,83757146,The Returning   version 6. KS+ required,Ending;TrueEnd;TheEnd1,Bam;Descend;DarkH;fallnot;Visit;Finale;Ascend;Universe;Nightpark;Frozencaves;trainingend;TowerClimb;Tower;TowerEnd;Chickenend;Chicken;liumeet;Lanterning;meanwhile;LanterningEnd;waterescape;Pyrescape;meetfaerie;FlyA;FlyB;DreamOn;DreamHero;Fight,iVBORw0KGgoAAAANSUhEUgAAAB4AAAAeCAMAAAAM7l6QAAAACXBIWXMAAAsTAAALEwEAmpwYAAABYlBMVEUCBRQGDR0CAxIYLlAJIEgCAQwoUH8MHDsNOHwIDicHFC8LHz4+icsCEzwMLWIbJzY3ZZMaT5E4eLwPPoQqTHUGDx8fPmUCAxICAxcECiINNWsWPnEMMWIEDCoKKlwQKk4HHEMJTqMIESgLI0gKJlQFFT0RSYpHkt0JFzUTMloDCBsDDy8JP4wGNnkNID4XSX0QSZUHLWsBAAkNVKYNERsSKUQXOmV2uvgNP4MmVpCCwv0HIE0MPHgZVZ+BwPccbcAwaaMSYrwIWLMSWa2Mzv6g4v8NFy0JMnIAAAEwXpNkqOU2iNs0fsRnr/A+dKk6lekQUJorgNQdN1UXQXtHa3+HyPlSm+RhlME6WG4carhksPgqessnd8IeMUdQldmW1v4xV4dbg6AGJmUjX6IdTIdJc5kMHzhDYnVHhLprlbtJeq0mQ25OcoFln9AUedJwtfkzS19Nj81ZhrI6j9sdJ1VWp/EWPfYEAAAAF3RSTlPw8f3w8PD+8P7w8Pf8/PD9+vr68PLh8K0NCAwAAAMJSURBVCjPJdFlc6JZEAXgS4VgRUVn5nV35RXcbXASCAFCkOhEJzaz+//3Jvv5qdN1uhvsMv92F8ennV/5crN8a0VK1q2F2wVazIk08Q0E1ufVUf8dcv5iKpsRx5mYotCmmZDopr+B7ZPzauN43fk1LV+8RHyrNMI5kjTFQvefazII+a26+ORm+efVNRcpOXgDpxuadPlsFYMAnAwfKkqrswf5tySbnEn7bbrOFJ5D5mQHpofK6yDpnUE+pWSHc0Quy9TtghYytR+QM8prnEfWU5g2ZM63BE5muJakhfD1FgDE26x/gyFMOfPz3kg0GrdqXVZNXbUnkRTky/P+awjxyDc4XErU/ZtWTVZlTGi5zv+sHF+iKN2bfnKDk/l6QigiAo9nU7B5d6gchxCE7OUvTo0Ex2WNCsGSHstPnFQYgOpQ+fuMfvHvTqJWb1M1QmBQlZ+YqRgATxmlb2Oo+JJv3neISsXVFwTG6zaGl+woAEcZ5UE1dGGeb5556cqNpfsEomMYQjTutr/4CHLrqjn95KyLcUVUx3SPqAkAck/pUhSGXmUy7146nrMwHzJFoUSNCYDA02y2h2EGBvnM0wb7FuqQiI4ikO1tEJvP4F4YRT32hmfeyWK/1ErgKIIgKF4rREH0QRnjKiupj/PevUcf5Ub0yDWgo1rFDYMAZFkwDP7xZXiPFLuEyZQiaVrljcTSCoPohzImJAoO38zesWwibQo5n7QEvl2qtGMgvFFWrM7a4vyjt6bkrlYsEAsxwmLczcqNguCmv2q1SBufb3q7iNNNpwuazLqSVE8sr2H6YzwgRJrB//zdtDw/l9YKWpGFZX1t5QZBNN4v5YRPHgySiCyTBp3CDRIr+KllOwgCg/6I4GmW/FOtJhE8gSPiHWEUMMFJLSPwoQdjzk2SEvOUqyZ1XKMR6Q7nWUo0U4MsTMcPnOtkkf1iVGNsVLVJyGRxd5WFZxnnsvhdFjJ5m9RtXkUxlRREhHR3l04AfI+HIjtbh7HwXvAwEA1vg0A0thXcAYc74YP97/8BnYysstf8VhQAAAAASUVORK5CYII=
http://knyttlevels.com/levels/Farik%20-%20Ascension.knytt.bin,Ascension,Farik,,Hard,Challenge,2,10324340,,Ending;EndingB,,iVBORw0KGgoAAAANSUhEUgAAAB4AAAAeBAMAAADJHrORAAAACXBIWXMAAA7DAAAOwwHHb6hkAAAAGFBMVEWQ2u4AAAAAt+/////r6+sRGzPMrYvYwKZEBwE/AAAAi0lEQVQY082QwQ3DMAhFLW+AiHOOYALMBEhdIIcO4EvvPWX9/NhN2g5QqZaQ/D88wE7pD4+IfEl3Xz6lEVc5nexW7it7fWk1Ihh0IlqoPYkuRMvctimm8IFAP6Aj2Dqi1JC/RRhz7f1m8DB8APkYbwjUjwZI2BGjPmUYGPbeOku/6bVi6u/Lsvz+K3ehWxk0+y99yQAAAABJRU5ErkJggg==
http://knyttlevels.com/levels/Talps%20-%20Eurydice.knytt.bin,Eurydice,Talps,Large,Hard,Challenge,2,1881919,A journey to the underworld...,Bonus Ending;Ending,Hermit's legend;Part 2;Cart1;Cart2;Part 3;Boatman;The King of the Dead;Ghost,iVBORw0KGgoAAAANSUhEUgAAAB4AAAAeBAMAAADJHrORAAAACXBIWXMAAA7EAAAOxAGVKw4bAAAALVBMVEUkZFohW1JFcjcIAABMfjxycnJfnUyJiYlUVFT7ZwAJCg7Tt5o9jlsRGzP2wQBVu03uAAAA50lEQVQY05XQMQrCMBQG4AcFwUXM6JoTVAIdKl2kVwjELUvb1anFAwQz1qGCo7h17ehSF8HZC7h6C1/Squng4D+078sf+qAA/6bAONxyTLH+WBnzH55MQGkhtHr3j0FPjJXWpveYTwj59owxdOs4OhJy+XhxDu+uvaZB30AJ3Gj75j68H6F33/uLaNBDGM3JzOwTqnM9d/d7degTwO/zqqqMT8yfQgvbYnPAP1R69Qmm4xbwcsX56mkNxsmeJ7wEFlhneZbmaZbJUSClvEKS9mGBeQKN+ywpxRkotW+MnTp3J9axc4DzCyVMdVMLhXhwAAAAAElFTkSuQmCC
http://knyttlevels.com/levels/rrc2soft%20-%20Colors.knytt.bin,Colors,rrc2soft,Medium,Very Hard,Challenge;Misc,0,2956048,The tale of the colorless island...,Compassion;Unfinished;Basic;Extended,,iVBORw0KGgoAAAANSUhEUgAAAB4AAAAeAgMAAABGXkYxAAAACXBIWXMAAAsSAAALEgHS3X78AAAACVBMVEUAgAAcXmTAAAAGhClEAAAASklEQVQY083KoQGAQAwEwSDe4L+0RaDQX9XpVMmRQA+4ERMRsWem4j8YH+Z6wdnYOBoDGhNWAZz0FJxUxUlVnFTFSVWc1AXUBa4bRHtOovOFxeMAAAAASUVORK5CYII=
http://knyttlevels.com/levels/Jerom%20-%20Knytt%208bits%20v2.knytt.bin,Knytt 8bits v2,Jerom,Small,Normal;Lunatic,Challenge,1,3057905,Juni is lost in an old GameBoy game!,Ending,Exit;Toy chest,iVBORw0KGgoAAAANSUhEUgAAAB4AAAAeAgMAAABGXkYxAAAACXBIWXMAAAsTAAALEwEAmpwYAAAADFBMVEUAAACoqKhfX1////+zMq2MAAAAiUlEQVQY02P4DwEfGPAzPoAZ5eXl/Ozl5QUMIIEPIJG7d/n//+e9e4GhvACkAigV6g/SJBrAMLMVSP+SnMAQ6hr///8qoEiaa+j/X6vUEoBSofGrVgGlVrWGhq1apbWAQYkVxFBSQIh0gBkcDQgpBjCDgQGJwQBkLAAzWMMgAgwMYQugDDYGUgEACstsckU5b7YAAAAASUVORK5CYII=
http://knyttlevels.com/levels/RH%20-%20Above%20and%20below%20the%20waterfall.knytt.bin,Above and below...,RH,Medium,Very Hard;Hard,Challenge;Puzzle,1,19933139,... the waterfall. (v2.0.6),SecretEnd;Ending,,iVBORw0KGgoAAAANSUhEUgAAAB4AAAAeCAMAAAAM7l6QAAAAIXRFWHRXcml0ZXIAU3VwZXJQTkcgYnkgQnJlbmRhbiBCb2xsZXN0+/bRAAAAGHRFWHRTb2Z0d2FyZQBBZG9iZSBQaG90b3Nob3A0y45nAAAAV3RFWHRGaWxlIE5hbWUAQzpcUHJvZ3JhbW1lXEtueXR0IFN0b3JpZXNcV29ybGRzXFJIIC0gQWJvdmUgYW5kIGJlbG93IHRoZSB3YXRlcmZhbGxcSWNvbi5wbmeFvraFAAAACXBIWXMAAAsSAAALEgHS3X78AAAAM1BMVEVYToFrYZI5LF1eYng3PVgJAwNeaJCipKtNVoBVXoj///7LzdMfHx/RtJVJSUl4dItBSGFfUWv2AAAA6UlEQVQoz4WSDRPCIAiGtUKhHO7//9pAQTdbxZ3n8T7yMUZIiEh4MnXT85Xvj0f4g9F5sdMpOp4cCrLTidVh4iI2qWNzhYGclr6lU7xLtPFNrQzao/dg6YAr11pgtDJrN84bbxsX8EYnVhd6ck5gYzhgEToGGEM6YuXyABKBj/CEkfQBtPsaQ85fscRmwYnwKrm2LhQoXbWmAuRWe/BlLC05Tj5wH3rDhB9DNalH0/pLXLDktP5Qc732sg6jWGscP5ZpfiocFhXXRfbo8yLfflqINV5YjV0PIeg5GLnkejRxWDxda/x4HsMbHX0Xvft/LAwAAAAASUVORK5CYII=
http://knyttlevels.com/levels/-%20A%20Strange%20Dream%2050GC%20edition.knytt.bin,A Strange Dream,50GC edition,Large,Normal,Challenge,4,23713287,"That night, she has a strange dream...",Bonus;Ending,Secret Info,iVBORw0KGgoAAAANSUhEUgAAAB4AAAAeCAMAAAAM7l6QAAAACXBIWXMAAAsTAAALEwEAmpwYAAAAz1BMVEVHcEycmZabm5sMCgkKCAenpqWioqKdnJyxsbGenp4SDw4JBwYHBgUEBASbmpoLCAednZ2PfGulpKOTgHAgHBiBb1+mpqednZ2wsLCYmJibm5ytrayNeWYFBQSTioIFBAOLe20HBgUWExAqJCBqW015ZlWysbGys7Osra2dnZ2rrK2mpKJfUURcW1kPDAsBAQATEA6ysrKOe2p1ZVeXi36bjHwAAAAUEhBkV0mysrKdnZ0CAgGNe2uwsLB/bFysqqg5MiqHc2JIPjW/uLFhU0ZCOFMXAAAAQXRSTlMAKQ86+05gA/o5UgUd6bEO2O/9/v32Gm7m4/n8Sb2ArNeO/vn8/m3Nm5DZ4FE3xGl2vXDL7e3No8H//////////gtIIsIAAAElSURBVCjP5ZFXcsIwFEXlKgl3m9DBJmDqDJAeWcXIZP9rigUMbQeZnD/p6M7ovQvAvwZC+HABgqvTrJmN9RtrpNuG4ZwsXnQQJ+jFbqnj4HWgjd4mprkxjtaaI6JAyJ+14CCKso9kun+mdBgou+LkTB/NrYwljFasaVJqNgDQF4hcQGQdMcbKA1NpOoYAr8gNvB/J2jOxb9Z66AC7Q+58orQUx7Tngvb6TqN3IQWtZK7SngHsMOZX24+zXIi4lNNJrb9cgMOiKDnnhJdlXBSF/ySkFImYqJ87QF8WN/S64ei7+smnVT2YVw8GNb93sd0R1vRG6jU3HjWHY1dtTVuGpwdd/7h3x92Nt5/pzjg3omPLstttG7dOtUEnAIYb3PX52Ohf5xce8jl74a8IKgAAAABJRU5ErkJggg==
http://knyttlevels.com/levels/EMMORY%20V%20-%20THE%20WORLD%20ver27.knytt.bin,THE WORLD ver27,EMMORY V,Large,Lunatic,Challenge;Misc,2,52167370,More than one game in one,Ending to game MisPos;Pit Ending;Ending,Intro to game MisPos;Music Collection,iVBORw0KGgoAAAANSUhEUgAAAB4AAAAeBAMAAADJHrORAAAAElBMVEX//wD/AACAAADAwMAIAADTt5rDx+/yAAAAk0lEQVQY05XO4QkDMQgFYKEThCxQ4g1w+hYIxW5w2X+Vqnel5Ao9av7k4xkNmdFUZh2fWr/8HLO3jRorg9N3GqMzVKFBzX439gZ2G7W0N6i/f3Tye4vQz0otHd0+JPIl5uc4zv8sNO1vF7Y+u9PvnE75rZQqFQIpNQ1HuB55WP40alrK27Jbjn1AiX17jvk/Fz7VC96CS2YQSA1WAAAAAElFTkSuQmCC
http://knyttlevels.com/levels/Sergio%20Cornaga%20-%20My%20Super%20Secret%20Basement.knytt.bin,My Super Secret Basement,Sergio Cornaga,Medium,Normal,Challenge,2,17780215,Version 1.0,Ending,,iVBORw0KGgoAAAANSUhEUgAAAB4AAAAeCAMAAAAM7l6QAAAAGXRFWHRTb2Z0d2FyZQBBZG9iZSBJbWFnZVJlYWR5ccllPAAAAEtQTFRFPC1eNSlQUxQUahoaXRcXdRwcVkR8RjFypEdHAAAASD1gWUeAWEAMcGOKQy8ILiFMTT1vVEtoZFl7TBkZQRUVVRwct1ZWXFJyVygXKReRvAAAAPBJREFUKM+NzYuygyAMBNAgVJRHsfXR///TyyZQtHQ6d+MY3DOM5H303vLb92fyMcZc4e37M42eB8/Yn8nacbRfg54iVpy7SE9P4fCRxstin3O43g2z9I1vp/yfaVlIeC8R5v7CcvXCL6xXYd1Y+jzOMWu965vWWJoZfeU7s658r/zAejCv687DLD2YCrcIE1hRuW1WSQjC5BRuEymwMatBdAgGrNCTrMra8GrssBzzxrcLSw9WV96EE3pySan05iFPZfSNh2EbOHl955IzJ6zE3JI/pc//R3qWnuafoWk68rQc7w/0VI9nOY56pOln/gCc/x+Lm1vJywAAAABJRU5ErkJggg==
http://knyttlevels.com/levels/The%20Red%20Snifit%20-%20The%20Other%20Side%20-%20Final.knytt.bin,The Other Side - Final,The Red Snifit,Large,Very Hard,Challenge,2,644102,A World Without Grass,Secret Ending;Ending,,iVBORw0KGgoAAAANSUhEUgAAAB4AAAAeAgMAAABGXkYxAAAACXBIWXMAAAsTAAALEwEAmpwYAAAADFBMVEVHcEwIAAB1dXWnp6fzkYrPAAAAAXRSTlMAQObYZgAAADxJREFUGNNjYCARiMIYoXCGowNUKgRCs8ZfgErJb4ExvkAZ4gFQhiRUE4MUKQxJBhIYcKeywBisDvg9BwDtTgghAYKubwAAAABJRU5ErkJggg==
http://knyttlevels.com/levels/Fred%20-%20Frozen.knytt.bin,Frozen,Fred,Small,Normal,Maze;Environmental,4,829468,Icy adventure!,Ending,,iVBORw0KGgoAAAANSUhEUgAAAB4AAAAeBAMAAADJHrORAAAACXBIWXMAABJ0AAASdAHeZh94AAAAJ1BMVEUWS2H///8xPD2qyf82Q0Rso/08SUoAAADG2de61/9ft9uLsa0iRpKBraJhAAABEklEQVQY003QsW6DMBAG4LOY2sknxJCMSNkdWR6yGzJTAw8QQfoCVRn6AgwdElXdk7Uv0CEv0Mfq7yNEnJDwJ3x3vyDf+UPe13h1Hg+Jg3v4iOqtbdqjFPnSl4VNrYsXSi8OW0W2Xpo5/Z4s7YboycoEKvMc45Q+2dbjPPmkV7TwzrCeHZsC7tO938d41lywEAEP4s3OaNou/IX76eQpP5Ga92PqRubVMerd5uF2Mk0uqIn9W8OJ9DcUMDakirV96XzhqIIrOzujkOG7YeYEf6hyFBzyw+ckw8HRMOQ5vGLlvB8Guv3GOHxmDX/caHwXs3j/CSP+M1/XGgFeRxrffG/Vz/p6wcK9WNZhofgvmmKJ/wGYH3QMjECfjwAAAABJRU5ErkJggg==
http://knyttlevels.com/levels/ITA84%20-%20Temp.knytt.bin,Temp,ITA84,Small,Easy,Environmental,2,211023,My first Environmental level,,,iVBORw0KGgoAAAANSUhEUgAAAB4AAAAeAQMAAAAB/jzhAAAABGdBTUEAALGPC/xhBQAAAAFzUkdCAK7OHOkAAAAYdEVYdFNvZnR3YXJlAFBhaW50Lk5FVCB2My4xMHKyJZIAAAAGUExURfPzmQAAAPm9VtsAAAASSURBVAjXY2CgK/j///8fIggAfHgfyfdXKecAAAAASUVORK5CYII=
http://knyttlevels.com/levels/Elder%20-%20Falling%20ver.2.knytt.bin,Falling ver.2,Elder,Medium,Easy,Misc;Playground,1,4278152,,Ending,,iVBORw0KGgoAAAANSUhEUgAAABgAAAAYAQMAAADaua+7AAAABlBMVEUAAAD///+l2Z/dAAAAG0lEQVQI12P4//8/w//nVMAg2AjEh6H8/2AMAPQmRFD97CQLAAAAAElFTkSuQmCC
http://knyttlevels.com/levels/Nifflas%20-%20An%20Underwater%20Adventure.knytt.bin,An Underwater Adventure,Nifflas,Medium,Hard,Puzzle;Challenge,0,10231636,...in an underwater laboratory.,Bonus;Ending,,iVBORw0KGgoAAAANSUhEUgAAAB4AAAAeBAMAAADJHrORAAAACXBIWXMAAAsTAAALEwEAmpwYAAAAElBMVEVHcEwIAABSLoD/fyNhN5j///5myObzAAAAAXRSTlMAQObYZgAAAGNJREFUGNO9kMENwDAIA8MGQLJAkTIApQs0Yv+Zml+Bf8vvZGSDW/tloHDHLJtS1l3SxnA5otnwFRiLruA+XwMw8jU58FWY7lPCvkK3yNhIcz5z4D0smUHy/Tsi/6elH/yo+Af56gq9I2gy+QAAAABJRU5ErkJggg==
http://knyttlevels.com/levels/googoogjoob%20-%20Capitalismv2.1.knytt.bin,Capitalism!,googoogjoob,Small,Easy,Misc,1,1406129,An interactive loss of will to live.,Ending,Car;Sleep;Home;Walmart,iVBORw0KGgoAAAANSUhEUgAAAB4AAAAeAQMAAAAB/jzhAAAABGdBTUEAALGPC/xhBQAAAAFzUkdCAK7OHOkAAAAZdEVYdENvbW1lbnQAQ3JlYXRlZCB3aXRoIEdJTVBXgQ4XAAAACXBIWXMAAAsTAAALEwEAmpwYAAAAA1BMVEUAAACnej3aAAAADElEQVQI12NgGIwAAACWAAFiFg3SAAAAAElFTkSuQmCC
http://knyttlevels.com/levels/Nik%20The%20B%20-%20Weird%202.knytt.bin,Weird 2,Nik The B,Small,Easy,Misc,1,117350,?!?!?!?!?!?!?,GoodEnd;Ending,,iVBORw0KGgoAAAANSUhEUgAAAB4AAAAeBAMAAADJHrORAAAAGFBMVEUIAQI0EWCAAID/AABuPavTuJr///8RGzMUhwAiAAAAwUlEQVQY06WRPQ7DIAyFjZTAihNfIG0vkNIDhNYHyJI9U+bcf6rNT0W7Fgnkj/dk4AGX7wETR0RCnYT8hJtCzEw4KBOjMrNy8tch/qnWoqPo1xDCnDZGqe6FPRh8NQwAlPUbU5j9KSwHVd3BtrZ+1/dd0+/h+m2lqstN3Sn+MeTzE6/dh8W/nDtR08/bPbb9FjhM4fQ+D9aU92keHO3RpUhyHkj2MJU1FvKQI8h5cPQllKSjNmx0yhHqOvyd/89/vgHwbDq0H6qasgAAAABJRU5ErkJggg==
http://knyttlevels.com/levels/Jigganis%20-%20splitMindv1.1.knytt.bin,splitMind,Jigganis,Medium,Easy,Environmental,2,374107,An adventure of the mind and intellect.,Ending,Box1;Box3;Box2,iVBORw0KGgoAAAANSUhEUgAAAB4AAAAeBAMAAADJHrORAAAACXBIWXMAAA7DAAAOwwHHb6hkAAAAIVBMVEVWgcDj3dUAAAB4eHhtzGB+ncL///9cXFwUST8yfjBBQUHmzxCcAAAAwklEQVQY013NLQ7DMAwF4FyhZLiyFCm4BuVTDlDSCwyElyxSYVFGp5LA0pxy/sm6dGZf3rNjSulkQgi9oVnLUf0QR/WNPIvXUuugjuuhtvMkjkXrdubCSIVaFyM9LJ3GvICIMV6NcaF64zHqOh9AKYTHxeNT6qcR/wyg/Uk9QNpsY3Apwc8De4PTAImGT1a7lHN+g1XTtZx3Tw9qcK/see6WzfEu9tAbvlZjKoCReo3pwfDn35iGnfbWtN56IPuLXesPfLd51Ec5WWQAAAAASUVORK5CYII=
http://knyttlevels.com/levels/vdweller%20-%20Panaceav1.1.knytt.bin,Panacea v1.1,vdweller,Medium,Hard;Very Hard,Challenge,1,13400762,The cure for all illnesses.,Ending;Bonus,Glow,iVBORw0KGgoAAAANSUhEUgAAAB4AAAAeCAMAAAAM7l6QAAAACXBIWXMAAAsTAAALEwEAmpwYAAAA51BMVEVHcEwSDxQCBjICAxUFBRESDhsCBCAECk0EBBADCD0CBCQEBRYDCUEDCksDCUESDQ4CBBhoRhEHCismGhIGBgtdPxQHBQIaFjcDCDsDBy8HBQBsSA0iFwYGD24GEXoFDmQBAQUGEX8GEHMGEHYGEo8HE5kFDV8GD2oGEoIHE4UGEop+Vh0EDFoFDFR4UhsGE6YJEscRDi8HE7AGEbwlGesHC0MZFeEnICwwJE4zIghyVEyRZSdaPRFyP/5ZLPzpqv9fQS1sSRdFLysGD9M6HPWNRv+uY///+f9AMGqNcXaNYB76yP/bhP9D/ts6AAAAHXRSTlMA/aRDJHB//AzKj1fX6+EY/ue4Ob+stPe60eDH2Uuxrd4AAAHJSURBVCjPdZN7d6IwEMVFRQTftWr3kURCCOERwQJqtfa1bff5/T/PTihqu7j3D87h/Gbu3IShVjtpoE9Go9GXybh2Ts1RWGrSrtLO1zBcLBbhIgxvp80Knmq/dqrg8fbmZj6t4PFsu9uFBV3POlV3/Wn7c/vw8LSeLS/PDB981jY/NpvNUtMa56Jfzufz4RAeVu1/uFCrytq6OXyD2vqicq5GX5J8WOI8b33M1jIItbHMl0oGl7n53sCSCIuA2ZQi5BGKETc+nbgONHDjOHZ9jLEQ2EHEuDj4N/seDuI0SdLYDXwBwtQjhn4YzKnvJtnz8yq5VgU2WFDCu6W96WGWZi9/Xu+Auy4LhAMhju09hN1vd/fff79kgBlT3EMkqr9hA4lY4fv9CqazIAB/SkhkHrGbZvvXfdHsg4SNPRJ1D+Y2i5NVtiqorYTh6IduE2GfxdcpxGZFbJCDuCxn14mD7YC5KjRgiA3yuFGuTKOHqIOFrzIpjJS86HhtFkGIYluIIhSFa/fg1o4r076Cd4pxEcoBCpL6uzW74sRTE3BBOefGx42xJCdQob4nj6Ko/+8mj+uGjKAtiqTstQZn/rFO3ex2u6bVOG3SX6k2SrCmaCOZAAAAAElFTkSuQmCC
http://knyttlevels.com/levels/Nifflas%20-%20The%20Machine.knytt.bin,The Machine,Nifflas,Large,Easy;Normal,Challenge,0,1260359,A save-the-world adventure.,Bonus;Ending,,iVBORw0KGgoAAAANSUhEUgAAAB4AAAAeBAMAAADJHrORAAAACXBIWXMAAAsTAAALEwEAmpwYAAAAGFBMVEVHcEyPj48AAAC2traGhoZZWVmEISEhS4TXtlB3AAAAAXRSTlMAQObYZgAAAGxJREFUGNO9z8ENgCAMheEXmcANzCPRa5Ou4AouwIEBuLi+AolSglf/25c2JQAlJ07Q9K8neiEb1pYPkzHENTQez9nNqSrtvdtqDGh3z9hrtiq3dFaLwmUzlQWXLe97H37+MzJtOGzYbZhtvS8qiix0ryuBggAAAABJRU5ErkJggg==
http://knyttlevels.com/levels/dessgeega%20-%20Torchlight.knytt.bin,Torchlight,dessgeega,Small,Normal,Challenge;Misc,1,59670,"Where there is a light, nearby are shadows.",Ending,,iVBORw0KGgoAAAANSUhEUgAAAB4AAAAeBAMAAADJHrORAAAACXBIWXMAAAsTAAALEwEAmpwYAAAAG1BMVEVRTUUAAACsoXxtZlMyMCz+AAD312vKwqL/so9tjxVuAAAAyElEQVQY032PsQ6CQBBEx+AH3IlE66WghdsfkIQfsMA/gJ6KnsrPdvYAI2jc6l5md2YO9bm5AY1DoiUcQAZwdFBVuOQXb/a9bzi15xIO3ngz2IjzzGalU7NEtLWnU5GctlQSDbm6ICIriyy87L/12ZnnlU/sfp+/hmtcUYZbWJnacZ7ynjVonorNScBaISqc4rrjy7TTJzpbucqHcRyH7LnNzzrry2YaioHcdvYfjRYFsW//cfbN0W/ltqfOhSpWGHxm/Jn+6O8vtUs7mPm9u7YAAAAASUVORK5CYII=
http://knyttlevels.com/levels/HeadGrinder%20-%20White%20City%201.1.knytt.bin,White City,HeadGrinder,Medium,Medium,Environmental,2,10218555,An abandoned White city in empty space,Ending,Cutscene was;Cutscene isolated;Cutscene life;Cutscene degraded;Cutscene why;Cutscene beauty;Cutscene forever;Intro;Cutscene grace;Cutscene pride;cutscene change,iVBORw0KGgoAAAANSUhEUgAAAB4AAAAeBAMAAADJHrORAAAABGdBTUEAALGPC/xhBQAAAAFzUkdCAK7OHOkAAAAdaVRYdENvbW1lbnQAAAAAAENyZWF0ZWQgd2l0aCBHSU1QZC5lBwAAAAlwSFlzAAALEwAACxMBAJqcGAAAABhQTFRF/b6Y/ap2CAEC/cajtp6O1rWa6+vrERszCS+lPgAAAItJREFUGNN9zcsNwzAIAFDqCZoNLKQkA4AngAlieYEeMkAvXb/+1GlwlSIh8czHMN3hG7cJLoxo7BD92au1e87JetvAONn+ax5t/1sXb4z74OVhjdZu/29Aew88XPSpRMwZatUsOblZVYlLLUK5Ln2VPMDE2ueFQoptoZqPI7/3qA9Idzgcqxs+T6Pf9OoxsKSx2U0AAAAASUVORK5CYII=
http://knyttlevels.com/levels/Zaratustra%20-%20Knyzarro.knytt.bin,Knyzarro,Zaratustra,,,,0,4598977,,Secret;Ending,,iVBORw0KGgoAAAANSUhEUgAAAB4AAAAeBAMAAADJHrORAAAACXBIWXMAAAsTAAALEwEAmpwYAAAAFVBMVEVHcEwIAADr6+sPIz/YwKbMrYsjQ3/R7htMAAAAAXRSTlMAQObYZgAAAEdJREFUGNNjYKALYBREF8AvL6QkgJ8viKpBSNEQ1TwlND6avGBgMrKBjC6BZqj8UDEUC0VExfCqFxQ0RvWOIKp7BQUZBgYAAGd7BjT1n4Y8AAAAAElFTkSuQmCC
http://knyttlevels.com/levels/Elder%20-%20Flood.knytt.bin,Flood,Elder,Medium,Normal,Challenge,1,341634,Escape the water!,,cutscene,iVBORw0KGgoAAAANSUhEUgAAAB4AAAAeAgMAAABGXkYxAAAADFBMVEVUjUFkpUsAAACCu2zDM8/OAAAAYklEQVQY02NYBQELGPb/B4MH+BhbYYyp9XDGVzgj/v//DwpAxlUggwHICIUzQuP//wUyGkSBjFAo4y+UAQSYDAc0hoNoAJTBCmUwoDNCIAxWFAZIOwNDAAMDA5jBgIMBCwQAYldtW0aVzp0AAAAASUVORK5CYII=
http://knyttlevels.com/levels/Jerom%20-%20Super%20Juniland.knytt.bin,Super Juniland,Jerom,Small,Normal;Lunatic,Challenge,2,1245733,,Ending,,iVBORw0KGgoAAAANSUhEUgAAAB4AAAAeBAMAAADJHrORAAAACXBIWXMAAAsTAAALEwEAmpwYAAAAGFBMVEVsWSEIAACdilKdilTLsqLr6+seJTFRUVGMfSqqAAAAqElEQVQY02VRyxGEIAxFaMC46jm8bcChA2dogIMt7J69bP0rPyVKJpOElzxeBqXlUYwFfJnSRuJg5sZVBcw5z3K+ASNeItHJF80S9Skr+IdoaPjsb/RDo6fb17XO47i2u/fDEYFSx/5cp67uO5LYb576Vp+et/ycifPAe54C3JE4VeUGob/bQl6q7Gu3IPh0ka8zH/Aq8YFzEnz6o77/T2JxwI1P4tf5A6r3JJw9BFW8AAAAAElFTkSuQmCC
http://knyttlevels.com/levels/Knytt%20Stories%20-%20Gustavs%20Daughter.knytt.bin,Gustav's Daughter,Nifflas,Small,Hard,Challenge,0,1642374,...is locked in the storage room.,Ending,,iVBORw0KGgoAAAANSUhEUgAAAB4AAAAeBAMAAADJHrORAAAACXBIWXMAAAsTAAALEwEAmpwYAAAAHlBMVEVHcEwIAAAHCAAAAAC1pRTStphDQ0NjY2PPvifszjv+LCqrAAAAAXRSTlMAQObYZgAAAJRJREFUGNONjjEOwyAMRW16ATxEXZGVod2QegOLC2TgAF3aObfIsYOhtDhDWw+g9//HH4Cfc7N4gniQokpjAAzHJoGVDvBto7dPiGDciER+sAvWwCc+Zesvi+minP3ImK2PE1l+rnoxdz4ruy2FXqB8YRauGXwoX4NLKUnle2NhkfoBrZ9L3jVGPUo6dKZXn3t3/j87j9sR4zDlYzUAAAAASUVORK5CYII=
http://knyttlevels.com/levels/RichardJ%20-%20Snow%20Machine.knytt.bin,Snow Machine,RichardJ,Small,Easy,Environmental,2,286367,,Ending,,iVBORw0KGgoAAAANSUhEUgAAAB4AAAAeCAMAAAAM7l6QAAAABGdBTUEAALGPC/xhBQAAAAFzUkdCAK7OHOkAAAAJcEhZcwAACxMAAAsTAQCanBgAAAAzUExURbjU6vX2+HavpxcZHqi4uDMzM7PS6V6hlwgAANDY2LvW69O4mgB5cY6YSFGLgxUhPwAAAJuKx8gAAADRSURBVCjPfc9bEoMgDAXQYBIJAq37X20TqPLQ4crox+FGAOoSgr72PkCzLzmEBZO2YcijDbB3i6aERVuHL1nHH+E4DtLH8hxux7NNmplFE+7oFpi1ermiHaRTxNPYhOqLgFv3ixJjlH4eEDeWKKNamzt+a/Nq+O2CNn0artxc3KhXmy2C7pVrm63dPBdGZ1bbmpuxMiM7V+pMWr445z+z/tE1PqmfrmzOdYv098qUCqsXHs+dkzGWXGztZCulnJKyLAOb32pev+D9x9e8fWGp/gf+yxIAHQxoVAAAAABJRU5ErkJggg==
http://knyttlevels.com/levels/plural%20-%20A%20Climbing%20Alike.knytt.bin,A Climbing Alike,plural,Medium,Hard,Challenge;Misc,4,15955231,in the depths of the sky,Ending,Screen1;GreatJourney;Cheese;GiveUp;Screen2;Ghosts;Jail,H4sIAAAAAAAAA31TTYvTQBhOWVxkYVk96qE7zl4UbD76kW5iY6lN6lY2S23Lthdh02Tahm4yMZm1ab150r/gH/DmwZOw4geIIHj34kXvi+hBRME6aZsiQneYSeZ953neeeedZx7V9m6ur11cYxhmvbqj1uk/GY3ECv0m/hQ+M8wKtJtt0tZ3ZRM7rGHhDmJDx2OiViiGnmEOEAEd1LNdBX49fgWBbSmwldN53Sujvr0z9lFjvNc0xwNTsmDxOiiEMg3gIGKA0Dl0AzlU4DSuTOeRm4NgCiEDBZaiBdDWa6CMfQRybCZl8oIARJEVsjlRFK6CNC+kOZ52MSVk5Zwop/Ng3iDdzbe6cl2tzPeilgL7hHgyxw2HQ3aYYbHf4wRJkqIY6XSKIlLByCVGmHKDrTiCigLTtz1iYxdEttHBR0SBMD6C4y3CusG8TLRgXGh4nMDy3D9AXT8d6jgLdEDqqHs6OmiOPMTVUYCPfBNR+FZE9uSyjwyC/SbGh3EVa31McNDHHig3RHC5ZbsWHgZXpnhdl6tuQAzXRFVVgdTD2rYl5/ltiRfLlWy+ogmClpPyalYrbdOKVyRVyqRjrorNIwe5JOZaC67KL+VGUpixkW/fQ1bFxw6YHlm2l+eiLs9lxrWW5lLWlnI5mgz330XHLqqeaLqQLTUWwkcuVbtPZX3tQ7dFn8QForVJA3fJ0PARM6t71TF69GYMa3T3PSpQ0Gptt6m9fHE8mUwe33mzTz1sVS01z340f1LX5uqntxv3wbdScjOx//1J8t2vSxtb5269flY8uf1w48fzkzNMr9Jziue//I4eYVXbU5/eOHjwFwGv7qfMAwAA
http://knyttlevels.com/levels/-%20Sky%20Flower%2050GC%20edition.knytt.bin,Sky Flower,50GC edition,Small,Hard,Challenge,4,4509726,Abstract and slightly gilded.,Ending,,iVBORw0KGgoAAAANSUhEUgAAAB4AAAAeBAMAAADJHrORAAAACXBIWXMAAAsTAAALEwEAmpwYAAAAElBMVEVVVVVHcExVVVVVVVVVVVVVVVVA31abAAAABXRSTlM3AGd3mAJYS8UAAADVSURBVBjTlZE9jgMhDIVhd+jxzNLPrOQ+KeYEq/TG5N3/KjGGSNkuQaL48N/zI9D/E97jb7T4whv+gMuT8wlIuCFOTjioZk0yOOOrUl3r2hOMNyHJ4KP0BOOilPgXwqE549xZieym2Lmt0D5F8u1qvFlrF8GpVeNirZ2LBOdLOZzt2dnEOWdgxPN9xGUb9cTOKZbOJi8dnh5Tn5cbC3aiRZRdj6nJ2G1dHnpNJUeo9krfV0yg9HbX6YcKKf1UjtMvs45pAZ5+LmjpHIaGaTem4eHD/3oAA2c2bs8rDM4AAAAASUVORK5CYII=
http://knyttlevels.com/levels/ITA84%20-%20Temp%20III.knytt.bin,Temp III,ITA84,Small,Easy,Environmental,2,1710726,Where it all began,,,iVBORw0KGgoAAAANSUhEUgAAAB4AAAAeBAMAAADJHrORAAAACXBIWXMAAAsTAAALEwEAmpwYAAAAFVBMVEVHcEwIAAB/GgAPIz/YwKbMrYsjQ3/sNOzgAAAAAXRSTlMAQObYZgAAAEpJREFUGNNjYBgYICiIwmUUFBRA5huj8hmTRV1Q+ImBjijaE0Nd8Ko3E0W1T1hIAJWvhMYXUkRzLiqfUQk/nwHVOwwMAgz45WkFAKmVBo7qdhLWAAAAAElFTkSuQmCC
http://knyttlevels.com/levels/KenoguLabz-Rainfall.knytt.bin,Rainfall,Kenogu Labz,Large,Very Hard,Challenge,2,26635152,With rain comes monsters...,Ending,Rainman;Umbrella;ToFaucet;Faucet;OceanEmerge,iVBORw0KGgoAAAANSUhEUgAAAB4AAAAeBAMAAADJHrORAAAAE3RFWHRTb3VyY2UAQ2Fub24gRU9TIDVEtjtLWQAAABhQTFRFWmBdY2lmUVdUcnh0a3FtQ0hGe4F9Mjg1wTnVfgAAAVlJREFUGNMVT8GunDAMnOQt6tWGqHsNkVKui5JyJi/pnl9REde2rHJGSKi/Xz/bhxnPaCyjSk3Sr7yHEBKimUIQaCKXmBMEFhHytOc91xm1xvxpKCXHIn7xsehhqnF6kYGAWgpzLDMb0UsWa4JKQpZnwrOSCoWNhSIC4Y99vi/odhNNKuoO97XWZoVJeW9n1sLHrvVkTEl5HG9wyiTbEEtEwmplFKk75RzZ27PCW6cSjSXPluvxVy7ojszIj6UL7XEHy+IWb8F/2/WXnwO4JH5rO/oVHx9Np5GImcE8zc1C4wVShfXbQ72864lO1MTmtxr6dmHW/QdW59fNem57Jq0u3GoNurkSKYnRF+qIzv5w71ap0roTgLbm+9os2urGbHDOOodjPRuLZhmgHbR3h1410Jwe8jBae+hNkd0uL/+ASC1u60lr+8kkEpcbYMmvK8ASbP+pgSF0/Q96lkrYq6NszgAAAABJRU5ErkJggg==
http://knyttlevels.com/levels/ixMarcel%20-%20Saving%20Thalanill%20UPDATED.knytt.bin,Saving Thalanill,ixMarcel,Large,Normal;Hard,Challenge,4,52483709,Find the Nit Flower and save your village!,,SCENEopening;SCENEwaterfall;SCENEwin;SCENEcredits,
http://knyttlevels.com/levels/TheoX%20-%20Blockland.knytt.bin,Blockland,TheoX,Small,Easy,Challenge,0,921898,A simple little colorful level.,Bonus;Ending,,iVBORw0KGgoAAAANSUhEUgAAAB4AAAAeBAMAAADJHrORAAAACXBIWXMAAA7EAAAOxAGVKw4bAAAAJ1BMVEUAov8Avf8Ak/8Azf8A3v8Ar/8AhP8A+v8A7f8Acv8AXf8ARf8AJP/UNX10AAABGElEQVQY002RMWrDQBREPwH1loUM6cRCXCfIBwhoC5crwxZJ6WIhrhIVkUsXAu0JBMoNoiNYR7AOlZmVEvILwePNjI0kNe/sfaOL/Cm18uGOSgnO8BHJ5zRN4zgMfd855x7Itz/c0t/GK9CxpyKpZt050B36VdDEeQ88fPcIi1hrjVTUxMjaNDXyDo00sIzjGD7oTIhJAn9FmxqU50YuGD9mwDjHrcjQSIMKDUYc7TjJd4XWBzDjJboat5ZL36mgQY1fyzPqWKNuPHmJa733vzzHgX5DRj3fUZ/rjTxiriQTyZhjHbr+z9q38Pdgzi9x8Ao/F4d8C34JXIa5OvjD8nf2Lf2rmGx5Vbz0hJcaGXw6pbburf8afgAzlJEgBypu9AAAAABJRU5ErkJggg==
http://knyttlevels.com/levels/B%20Man%20-%20The%20Great%20Race.knytt.bin,The Great Race,B-Man,Large,Normal,Challenge,1,18186015,Can YOU win the race?,Fake Ending;Temporary Good Ending;Ending,Fake Ending;Temporary Good Ending,iVBORw0KGgoAAAANSUhEUgAAAB4AAAAeBAMAAADJHrORAAAABGdBTUEAALGPC/xhBQAAAAFzUkdCAK7OHOkAAAAYdEVYdFNvZnR3YXJlAFBhaW50Lk5FVCB2My4zNqnn4iUAAAAwUExURQEBAf7+/v/YAP8AAMnJyfLy8ggICNTU1CsrK5iYmERERBgYGHp6era2tuLi4l5eXqkLCmYAAAEKSURBVBjTfdExSgNBFAbgf8hqFrLIe8yOQuw8QYaxMGLiCItRQYil2GTxAgoWFjY5gGAhIogQIQcI6AFyCjsrW8s9gDObMbgKecWDj4F575/BRrXwz2Ze2piK07m1lK4d/lgTTlxjGTzlkTBt8GtpfQGmRkdgVPNuxn0kuAE/Uul2rpYI96hHq8p7RzAzbGQTS95dUK5eFLI6UumsAQGhxPvbhGreYyvchUijgs79vM5+9sC0Qoi/mt5ks97eOp8BuPRewy0OcJo8j+8+y/3cwRQYIP6Y7Ttxw0H9K4Q8u73iSHRRiJC3dZw1pLkemuBt+zQMTzTLP1iWFUOYhW798VZetdn85cX/9w2XdlGXaaJtqQAAAABJRU5ErkJggg==
http://knyttlevels.com/levels/ITA84%20-%20Temp%20IV.knytt.bin,Temp IV,ITA84,Small,Easy,Misc,2,439783,Ran away,,,iVBORw0KGgoAAAANSUhEUgAAAB4AAAAeAQMAAAAB/jzhAAAACXBIWXMAAAsTAAALEwEAmpwYAAAAA1BMVEUAAACnej3aAAAADElEQVQI12NgGIwAAACWAAFiFg3SAAAAAElFTkSuQmCC
http://knyttlevels.com/levels/Salmoneous%20-%20Mashu%20Prapa.knytt.bin,Mashu Prapa,Salmoneous,Large,Normal;Easy,Playground,2,15387940,Explore the nature.,,,iVBORw0KGgoAAAANSUhEUgAAAB4AAAAeBAMAAADJHrORAAAAHlBMVEXH3/iw3WyPyWWIxS4AAAB5rij///8AkwD//wD//65ZSAFJAAAA4ElEQVQY013RMU7EQAwF0NEK0nuk9BkLLrBea1sEaGs2lvtUuQBaCU7AEbgu3x6KbJwi8+bbTpHyfl/lUrb1UC7r3qhShnitS3oZSl4skb/s5rdmfoJ7JyaWVsNl7SvL2jKPZMgL7vl/Hbjeu4ZfcYp1jx+HSmHmKdbBlDm3acU3HdVNE1ZxOPtbhSu5nz+vcxg5M/z9042c6+j29WvzKVyZENv55sc0VRqxTU3TRDSOYiqi0c90JVUzxQj81shxFFUxOYYdnSKOx8LP6oZVbqg5jWnJnjRvC5Ztncruf/4BmspMJoIsMagAAAAASUVORK5CYII=
http://knyttlevels.com/levels/SecretGlitch%20-%20Dark%20Sea.knytt.bin,Dark Sea,SecretGlitch,Medium,Very Hard,Challenge,1,209930,...where an oil plant is.,Secret Ending;Ending,Wake Up,iVBORw0KGgoAAAANSUhEUgAAAB4AAAAeBAMAAADJHrORAAAAJFBMVEUIAQIdHR4AAABAQEBgYGCAgIArLTLAwMDt7e3Tt5p/AAD/AAD9hC5YAAAAGHRFWHRTb2Z0d2FyZQBQYWludC5ORVQgdjMuMzBAhEcQAAAACXBIWXMAAAsSAAALEgHS3X78AAAA2UlEQVQY04WQsQ6CQAyGf2SRzUri7sV4iRNnX+E2Zndk4BVYGU1cWNmdmH1AW+5AmfyT692Xpr2/BTPl4agI7EjuKeiFmJojlkwIWCpDF4Q0G5W8EdO2bdta3uDIvvQ1RwaEn++ZCyC15ThOLDWJsh9fUz3xtcoG4cup1v6UF1XfS/1ZWP53VFSD5oXVH9PunkVW/+z2hwwusM7HdNymFFjnZ4dHImyUnfpJtl1uvV/8GnRsm6ZZ/D46mXezMT88C9NSk/yHHaVxiaG/mEq/+7+tBV4LZq1//AEhF1YnRI+UoQAAAABJRU5ErkJggg==
http://knyttlevels.com/levels/the%20Jack%20-%20Which%20Way%20Out%20v1.0.knytt.bin,Which Way Out? v1.0,the Jack,Small,Normal,Puzzle;Scenic,2,4475406,If only there were someone you could ask...,Ending,,
http://knyttlevels.com/levels/Darktremor%20-%20Travel%20Eastward%201.5.knytt.bin,Travel east,Darktremor,,,,1,32228453,,Ending,Middle,H4sIAAAAAAAAA+sM8HPn5ZLiYmBg4PX0cAkC0nIgzMEMJHnexU0AUhIlrhElwflpJeWJRakMAYmZeSV6fq4hCmXGeoYGRZtUJwHVcBZ4RBYzMHALgTDjpbt1f4CCNgE+Ia7uBT4M5IL29f+uASnhkiC/YAaOfOPDNze9kf3eHDNRwG++xgqH9fP8gY5l9PV0cQzROF8bFFl0VIFHOSeNs2XB7/tbzRhn+T23/X+gYmqK9tY3J1xrNwrr1XDeb/gdVM+44fjxgkNPC/4Vt//rWfNBbVHe/mvKXgdUOVmXmGQc5BacO5+n7/gRZ1ke5ojH/hWmh+wMtG5bLAlVXBKac+y0baiqy1zV/clfYo76+4fuaGSXdXK4sT7ppHSOkbnAnfajf7XC3HZtNj3O8aT3BFsht88kPeuPPh8lYt54y4sVq/dtLZBqnT4r47X7Aq0d6+xPz1jLpBSudi5+h3xBoVfqQtPjMxZXv+3bm7Wu1Su197e0dPXdP5URx/8kd83+MSHlXBbTvo8PI3x2+cxIEJ/yzP9aiLujgfqzu9WRhn6PSvWefneLUDkYw2XMstX9y9FHEh8LrZMbeq53txRuP6fkVZfQc/dkW+l729Oq/pOX/X5xp+RYSH7221X/ns7dszWuXXyb/7bt1m/Y404Ll86RsrUGhb+nq5/LOqeEJgCle4JmJgIAAA==
http://knyttlevels.com/levels/KG%20-%20Teenhmifnoeafgil.knytt.bin,Teenhmifnoeafgil,KG,Medium,Easy,Misc,1,24643196,I don't know how to describe this.,Ending;Knowledge;Satan;Biggt;Ghost;Trimurti;White Key;Therashok;YHVN;Life,Stare,iVBORw0KGgoAAAANSUhEUgAAAB4AAAAeAgMAAABGXkYxAAAACXBIWXMAAA7DAAAOwwHHb6hkAAAACVBMVEUHCABD/1X///+LIvlwAAAAXUlEQVQY02NYBQELGDAZK0NBIAzIAAssw89YsaijoQHEWMgiKCqqBmS0tAgKtIBFWANFwIwFLoJCYEYrC5SxYFFH1yI0AxdoQRmtXlBGixdOEThjkRYhF8K8g9vLAHoqiv4/59djAAAAAElFTkSuQmCC
http://knyttlevels.com/levels/Fegon%20-%20Yggdrasil.knytt.bin,Yggdrasil,Fegon,Medium,Normal,Challange;Environmental,0,109590,Escape from the abandoned castle.,Ending,,iVBORw0KGgoAAAANSUhEUgAAAB4AAAAeCAMAAAAM7l6QAAAABGdBTUEAALGPC/xhBQAAAAFzUkdCAK7OHOkAAAAzUExURXCCp1+bAH+3Fx9zH1JTU2J2nAgBAjEyNGl9onaHqgBTAIaHhxExEOvr69XAqcyti2JjY5GTytUAAAEaSURBVCjPhZEBdoQgDESJQkIV3b3/aTuTBH1tfd2gkcxnAmr5+jfKB1x4I/9Mv+IBPC17jP5Qpda7Jz7sDpa9JEHB2+rOqHu1KXNRz7AaYZXusPQ7iBVR2Xx2bf5ssad6zP2BG3mjFdsGVR4Ae0Cmu3GJd4b7dZ46DwBshO3CLz3VgoK08jbHbWK6rfogPs1hHCybz28DvL/NvTyNenf1czUPNLdsDQ2nPjSmic25zdc+Dr0+fLrTjvbqvEYRWIjFX0Y0ugvbi2MjRooB86ECiQUAsQDvAlHE8SaVwg5/2aiabD5k4w8DxoyJOPSJc55C4PuCW6aEVNZlWVakNR8rLtdcL1NfpjzWZXLHKIcXI+3LGNln/MHXzPVvdUMSvW9jQCcAAAAASUVORK5CYII=
http://knyttlevels.com/levels/Fubaka%20-%20The%20Column%20v1.0.1.knytt.bin,The Column,Fubaka,Large,Hard,Challenge;Puzzle,2,43644669,"Will you ascend, or descend?",Ending - Descend;Ending - Ascend,,H4sIAAAAAAAAA+2be3ATRRzHDxhFC4iPGVF5mDlAi9PL3eVxbY4k0CaFBpsS2iqtonC52zQnSS7cXZvwsFUqwzCAqEUYC4wDgjgiooIwQ3VAEQVxRMeiDqA85A0WxcEHDta9pGnTPDqdUf9x9mbu2vz29/1+bnd/u9l/sshTNnFQzj05GIYNcpU4y+HfEdp9Uz/4HNj2+HMYxlJiZZVa5S5leSmo5wTJC/TRYBjTLuu4aJjjZwJV5wU1YsiGX27ZhetEwYZPNbspd9gB/GLJHBlUzCmr5OfM5C0CPs6eY42y0CAIVE4XDQZCChu14TFfFv6vhUlcF0tRZ9rwQq1BV+X26BySDHRmPUPwNE3r8i162lxgNJjzdAaKNpOUhaQpgqJZmmINlK7jwu058GmVBR9b7pzQgYOfbLhfVcMsSUYiEX3EqJfkGpK2WCwkZSANBgJmEMrskMpFiZAyMm6S8HEChZfFsCpKIZ32mfNKtaoNx3N0SVdHv4LhTlBI6Rg7OIpklAuTtJ4is4jc7p5lwWBGpaIW16k9K5XK2WFAlgNFqpV5UFwHQurITFYC3+kTrpUDsfEReBIEQBBKFOhFZ3yFsF9SJcUvZel3Z3PW3quiz5dZq7VklYGomEWmtcRl9i6dFQ4y65ABp0pypSQF7PEq8yReT+dwxKpKlztVDAlSRBljJVMlmdyAE952qGQIykTQBZU0w5rzWTqfoBiWopJM4pkpHm5Y+wKncr1x6Zab6iMJom92r1y6Mrt7uN2sK6SoXIgHLqcdBvSiKLCCl/F5vV4jYWAEirB4TV7CQhkpwpsvMBBkMFE8HzPuLk+zdkp8rVZIsC2+8AWJh/ad5cECxsyYvTxNUGZvAUHTgCG8JvjgGXO+wWLgzCbOlAAlmaWBJssi3Je4QFKO1hcBwni6gON9+WbYDR4Q+SaTiSgQTICgjEbeazRSNGcoSCAy2KShSkQFlsZse7fqjO0YFWBW92iiISDGdpAwJytAW5g2PLEy8TSBpoktcJbjtb3HzsfKSLCS3aLZZWL6dPZuCNLk2RkRPwj1VHJJWdlNFMmnRjgZFNbAke7NyswkSxtvMj7g/8FEKFzdP5uG3q2q/8U0dNnzfi5UAwQ7mRAmAr2buXi0+8pKrNb0lWgVeNYnyUFOtYtBrgaQ4VCNlewKJmV27UEOKSDJcIMEdqOVzBTOqHI5HB5Z8okBYFfKJxbpXMUOhrYwDGHQ08k2SXlJPtqXnLbbwLHjYoUENWmx1PwqrVgDtbG2fAMFL3gUorSJTmtOlVb3LK3uQdrV9FBIVO2GDklKOEmlfRPHR68CHhqB1rXUUGq2R4yCQJVThHuuor2DkerQpDZkFFZnE1anCePllHS0i58byY6DIzyzkp2H1kxF/e9fCIIgCIIgCIIgCIIgCIIgCIIgCIIgCIIgCIIgCIIgCIIgCIIgCIIgCIIgCIIgCIIgCIIgCIIgCIIgCIIgCIIgCIIgCIIg/zIkp+tnoCAk2PAIPs4+Zu1VE4ZhN4dLqhUMG3CHdvfBmlffBYOyp7SyuL29fcnnF/v2nTR//5XVh06WlS4/cvn6tuPfPHPgUtOXp1tbz9bUbNu377Cj6OkzV/548pO2Hcf/3HT0SH39W9tPnF2/fn9z69VXvv2+qemoIa/xhRfe3Xj4x6C4cc+Zqwcv/oSP5Hl+uSCs27Ll2JIlH1OU2tLS/tKKjz674Y3NGNanzOUsrMw9uKDpSF2j7tbi4jV3jWqaMN7z9o3mv9rJFYtfZepGD10+a3v/IYPv29+/bPItmz3H8AbH2tqcnXXvtZ2fu+rzd/bcvzVv8bU5m1y/Dhbcvw23NAzfV/LNQvXYoVPznmp9rGHp+cjhDcqkfQdGmZax54snjhm9vK3NVTT2tq+Ofbh38Kk1v9dfmLZ13sKGa4dezBn0orRybvmhigEbTBVjTbmjmaXrXjdtqvO/9sDTRy8+OHfI3ilDohI5hZ/if/jSF57Pxtp2fXkUY57v38gRtw1cdn7R1vF75vvyaht/Fr8btlDde3HzCOrcTMuzzYPczUWtxyc0X5iVd/2DSZbqGVg/U2Fjw+Bh01bU/7Lg0eNUP9y/++6KqS0i/USEWo1dmnHiA2Ln+3mld+5oJFavWjD0hzP8ycj0tYV8acnKctny6dfk/bvk6TsO5G6YvPL03qXRlmvm2x95uX73vWPCuRXnzBsrtZ8Du4rLnG8WzZj/N963C0BWPAAA
http://knyttlevels.com/levels/baroncid%20oldgil%20-%20Sohe%20and%20the%20rrokked.knytt.bin,Sohe and the Rrokked,BaronCid & Old_Gil,,,,1,13007243,,Ending,rocketlaunch;rrokked-manual;Rrokked comes2;message1,iVBORw0KGgoAAAANSUhEUgAAAB4AAAAeCAMAAAAM7l6QAAAAHXRFWHRDb21tZW50AENyZWF0ZWQgd2l0aCBUaGUgR0lNUO9kJW4AAAAJcEhZcwAACxMAAAsTAQCanBgAAABOUExURUBILSwVCjcbDVIoFBwaGhkdEURDQgAAACAlFjg/J0QiEGQrGUxVNUdPMh8PBzE3IiotIHo1HFZgPE0AAF9IPXdGPntgVwAAewAAvdHOCLjc30oAAAFHSURBVCjPjdOLkoMgDAXQAGJI8N1qu///o3uhIHZ3pruMjsVjwisl/tjobyYRGSmMYxjGIBJIPFEQohejQ+CQOaSgAA6Nr/l0vy94yMl4qhqb2h1N9+NYLuwHNiaxqnNxjevqMJ8WPSClq8kjrh88sF2567qe+zy8vo09Fu7B+Ah+MLWxx41N5KRPON6YnsnPNXrZeHJgfj4e2a2yeH/yzCbzsd8yoyfwNjWjifevxB1Pd/BceVtK9B7BfeUzeeXIhS2noykctsJricbUKHBdmJxcoo1NXMcWYvtKfiscefjFZdN71s5emXxOnnYdqwLjgK6co1sz6I1vjGhWYyac+6ouRl4aY3fxOjpV65xafIVym1s0DtRM02RqcoN1+cqezlok732uVRRz3ZYtF7KEVCDpxkoEPy4siamUN80+n5f/15/oQ/sGPeYYFRK2cCkAAAAASUVORK5CYII=
http://knyttlevels.com/levels/Pumpkinbot%20-%20The%20Mysterious%20Grotto%20v1.0.1.knytt.bin,The Mysterious Grotto,Pumpkinbot,Large,Easy,Environmental,2,43653244,Explore this strange land...,Ending,To Niffanne Beta;To Earth,iVBORw0KGgoAAAANSUhEUgAAAB4AAAAeBAMAAADJHrORAAAABGdBTUEAALGPC/xhBQAAAAFzUkdCAK7OHOkAAAAqUExURSQ4YS9KfzY9WxMhPggAACU+a2h1jjlNcn1PeXQ+XHaOt/9LS2J9tdjAps4OoasAAACpSURBVBjTY2AEgkAeEMmkBAQMjHCAzmeH8wPB/HAIPxDEBSEmdaUidQYQCyLEpFSujl0/dj66fUE41fNgU29gAubzQLkMBiZOyPKmcD5YBQODWa4TkvsZDBJSYP4BgQCGtlxk/QymZuh8ExT7Ta2MUPgGWWh8qxRUvgEqnyELB3/iREbGiRxADRDzOCbOACGOiRaQ8OGYMQOMJhoYbdKu3s5gAAcmLkAAAJcYL/ggy8eRAAAAAElFTkSuQmCC
http://knyttlevels.com/levels/Fredulom%20-%20Chamber%20of%20Trials.knytt.bin,Chamber of Trials,Fredulom,Large,Hard,Challenge,0,25081174,Juni is transported to an alien planet...,Ending,Yellow Key;Blue Key;Red Key;Purple Key;Secret;SecretEnding,iVBORw0KGgoAAAANSUhEUgAAAB4AAAAeAgMAAABGXkYxAAAACXBIWXMAAAsTAAALEwEAmpwYAAAADFBMVEVHcEwIAADBtleVizZPkteQAAAAAXRSTlMAQObYZgAAAEBJREFUGNNjYKAhYGRkcAAz2N0dGVAZUrMvQKSyVn2BMDKXfYGJ/IWoyXoFZVSt+gJhyK++ADXnvwPUilBqOhgASB8RYbUgE+AAAAAASUVORK5CYII=
